nombre,gastos,cargo,region,territorio,partido,votos,ingresos
ALEJANDRO NAVARRO BRAIN,171172856,PRESIDENTE,NACIONAL,NACIONAL,PARTIDO PAIS,0,171172856
CAROLINA GOIC BOROEVIC,806906547,PRESIDENTE,NACIONAL,NACIONAL,PARTIDO DEMOCRATA CRISTIANO,0,806906547
BEATRIZ SANCHEZ MUNOZ,748201748,PRESIDENTE,NACIONAL,NACIONAL,INDEPENDIENTE,0,748201748
EDUARDO ANTONIO ARTES BRICHETTI,58404468,PRESIDENTE,NACIONAL,NACIONAL,UNION PATRIOTICA,0,58404468
SEBASTIAN PINERA ECHENIQUE,4576976770,PRESIDENTE,NACIONAL,NACIONAL,INDEPENDIENTE,0,4576976770
ALEJANDRO GUILLIER ALVAREZ,1643624099,PRESIDENTE,NACIONAL,NACIONAL,INDEPENDIENTE,0,1643624099
JOSE ANTONIO KAST RIST,641812992,PRESIDENTE,NACIONAL,NACIONAL,INDEPENDIENTE,0,641812992
MARCO ENRIQUEZ-OMINAMI GUMUCIO,402727572,PRESIDENTE,NACIONAL,NACIONAL,PARTIDO PROGRESISTA,0,402727572
MIRTHA ARANCIBIA CRUZ,19797327,SENADOR,15,ARICA,RENOVACION NACIONAL,0,19797327
JOSE DURANA SEMIR,61924105,SENADOR,15,ARICA,UNION DEMOCRATA INDEPENDIENTE,0,61924105
CLAUDIO OJEDA MURILLO ,9472429,SENADOR,15,ARICA,PARTIDO HUMANISTA,0,9472429
RODRIGO DIAZ BOGDANIC,6158853,SENADOR,15,ARICA,PODER,0,6158853
VERONICA FOPPIANO DIAZ,27200000,SENADOR,15,ARICA,PARTIDO LIBERAL DE CHILE,0,27200000
SALVADOR PEDRO URRUTIA CARDENAS,41913706,SENADOR,15,ARICA,INDEPENDIENTE,0,41913706
RODOLFO BARBOSA BARRIOS,38554584,SENADOR,15,ARICA,INDEPENDIENTE,0,38554584
PABLO ANTONIO PIZARRO BOSSAY,3075029,SENADOR,15,ARICA,INDEPENDIENTE,0,3075029
ENRIQUE LEE FLORES,21884782,SENADOR,15,ARICA,INDEPENDIENTE,0,21884782
SANDRA CECILIA ZAPATA VELASQUEZ,2583653,SENADOR,15,ARICA,INDEPENDIENTE,0,2450000
TRINIDAD VICTORIA PARRA CORREA,9393097,SENADOR,15,ARICA,INDEPENDIENTE,0,9393097
JUAN CARLOS CARRENO CARMONA,40566796,SENADOR,1,IQUIQUE,RENOVACION NACIONAL,0,40564796
PAMELA BOYARDI VILLALOBOS,13875413,SENADOR,1,IQUIQUE,RENOVACION NACIONAL,0,13875413
LUZ EBENSPERGER ORREGO,95527388,SENADOR,1,IQUIQUE,UNION DEMOCRATA INDEPENDIENTE,0,95527388
JORGE SORIA QUIROGA,146956789,SENADOR,1,IQUIQUE,INDEPENDIENTE,0,146956789
RIGOBERTO DEL CARMEN ROJAS SARAPURA,4610000,SENADOR,1,IQUIQUE,INDEPENDIENTE,0,4610000
FRANITZA MITROVIC VARELA,24911484,SENADOR,1,IQUIQUE,INDEPENDIENTE,0,24911484
ASTRID ABARCA IBARRA,6128670,SENADOR,1,IQUIQUE,INDEPENDIENTE,0,6128670
FULVIO FABRIZIO ROSSI CIOCCA,54141387,SENADOR,1,IQUIQUE,INDEPENDIENTE,0,54105939
RAFAEL PROHENS ESPINOSA ,75385707,SENADOR,3,COPIAPO,RENOVACION NACIONAL,0,75385707
FELIPE WARD EDWARDS,57961706,SENADOR,3,COPIAPO,UNION DEMOCRATA INDEPENDIENTE,0,57926248
CAROLINA PERALTA ARAVENA,6590000,SENADOR,3,COPIAPO,PARTIDO POR LA DEMOCRACIA,0,6590000
LAUTARO CARMONA SOTO,86134523,SENADOR,3,COPIAPO,PARTIDO COMUNISTA DE CHILE,0,86134523
JORGE VARGAS GUERRA,4249304,SENADOR,3,COPIAPO,FEDERACION REGIONALISTA VERDE SOCIAL,0,4249304
YASNA PROVOSTE CAMPILLAY,98200350,SENADOR,3,VALLENAR,PARTIDO DEMOCRATA CRISTIANO,0,98200350
ALBERTO ROBLES PANTOJA,73565825,SENADOR,3,VALLENAR,PARTIDO RADICAL SOCIALDEMOCRATA,0,73565825
ELIZABETH PEREZ MATURANA,2304200,SENADOR,3,VALLENAR,FEDERACION REGIONALISTA VERDE SOCIAL,0,2304200
ORIELE ANGELINA ZENCOVICH MADRID,3781028,SENADOR,5,VALPARAISO,PARTIDO DEMOCRATA CRISTIANO,0,3780800
ALDO CORNEJO GONZALEZ,161937042,SENADOR,5,VALPARAISO,PARTIDO DEMOCRATA CRISTIANO,0,161937042
RICARDO ANDRES LAGOS WEBER,182730503,SENADOR,5,VALPARAISO,PARTIDO POR LA DEMOCRACIA,0,182730503
MARIA ISABEL ALLENDE BUSSI,310007613,SENADOR,5,VALPARAISO,PARTIDO SOCIALISTA DE CHILE,0,310007613
ABEL GALLARDO PEREZ,25978362,SENADOR,5,VALPARAISO,PARTIDO SOCIALISTA DE CHILE,0,25942904
PEDRO SARIEGO PASTEN,5242109,SENADOR,5,VALPARAISO,AMPLITUD,0,5242109
VLADEMIR VENEGAS SANHUEZA,13505119,SENADOR,5,VALPARAISO,UNION PATRIOTICA,0,13505119
FRANCISCO GABRIEL MARIN CASTRO,17468721,SENADOR,5,VALPARAISO,INDEPENDIENTE,0,17468721
XIMENA RAMIREZ GUTIERREZ,2921616,SENADOR,5,VINA DEL MAR,UNION DEMOCRATA INDEPENDIENTE,0,2921616
FRANCISCO BARTOLUCCI JOHNSTON ,40997521,SENADOR,5,VINA DEL MAR,UNION DEMOCRATA INDEPENDIENTE,0,40997521
MARCO ANTONIO NUNEZ LOZANO,71809506,SENADOR,5,VINA DEL MAR,PARTIDO POR LA DEMOCRACIA,0,71809506
JOSEFINA BUSTAMANTE DIAZ,9176525,SENADOR,5,VINA DEL MAR,PARTIDO RADICAL SOCIALDEMOCRATA,0,9176515
MONICA VALENCIA BECERRA,42919337,SENADOR,5,VINA DEL MAR,PARTIDO IGUALDAD,0,42899000
LILY JOVANKA PEREZ SAN MARTIN,134106394,SENADOR,5,VINA DEL MAR,AMPLITUD,0,134106394
ALBERTO EDUARDO NUNEZ PONCE,3103458,SENADOR,5,VINA DEL MAR,AMPLITUD,0,3103458
LUIS ARAVENA EGANA,26586993,SENADOR,5,VINA DEL MAR,UNION PATRIOTICA,0,26586993
BERTA CARO MORALES,6443546,SENADOR,5,VINA DEL MAR,UNION PATRIOTICA,0,6443546
JUAN IGNACIO LATORRE RIVEROS,31585341,SENADOR,5,VINA DEL MAR,REVOLUCION DEMOCRATICA,0,31585341
ANA CUADROS MATAMALA,7335000,SENADOR,5,QUILPUE,AMPLITUD,0,7335000
FRANCISCO JAVIER CHAHUAN CHAHUAN,352189998,SENADOR,5,CONCON,RENOVACION NACIONAL,0,352189998
KENNETH PUGH OLAVARRIA,123092221,SENADOR,5,CONCON,INDEPENDIENTE,0,123092221
CARMEN XIMENA ZAMORA BRAVO,21943312,SENADOR,5,SAN ANTONIO,RENOVACION NACIONAL,0,21943312
IGNACIO WALKER PRIETO,207628167,SENADOR,5,QUILLOTA,PARTIDO DEMOCRATA CRISTIANO,0,207628167
ANDREA MOLINA OLIVA,230526510,SENADOR,5,QUILLOTA,UNION DEMOCRATA INDEPENDIENTE,0,230526510
OCTAVIO GONZALEZ OJEDA,73068952,SENADOR,5,QUILLOTA,PARTIDO HUMANISTA,0,73068952
HECTOR PEREZ MENESES,3231597,SENADOR,5,SAN FELIPE,INDEPENDIENTE,0,3231597
PAMELA AIDA JIMENEZ GALLARDO,5220829,SENADOR,5,LOS ANDES,PARTIDO PROGRESISTA,0,5220829
GASPAR RIVAS SANCHEZ,158256046,SENADOR,5,LOS ANDES,INDEPENDIENTE,0,158256046
NELSON JAIME AVILA CONTRERAS,49998687,SENADOR,5,RINCONADA,PARTIDO RADICAL SOCIALDEMOCRATA,0,49998687
PAULA ANDREA ROMERO NEIRA,14248086,SENADOR,7,CURICO,PARTIDO CIUDADANOS,0,13915286
MACARENA PONS PORCILE,22773424,SENADOR,7,CURICO,INDEPENDIENTE,0,22773424
RODRIGO GALILEA VIAL,152322872,SENADOR,7,TALCA,RENOVACION NACIONAL,0,152322072
ANDRES ZALDIVAR LARRAIN,130857963,SENADOR,7,TALCA,PARTIDO DEMOCRATA CRISTIANO,0,130857963
XIMENA RINCON GONZALEZ,212286770,SENADOR,7,TALCA,PARTIDO DEMOCRATA CRISTIANO,0,212286770
JUAN ANTONIO COLOMA CORREA,204781427,SENADOR,7,TALCA,UNION DEMOCRATA INDEPENDIENTE,0,204781427
LILIANA ANDREA CARO VERA,12297000,SENADOR,7,TALCA,PARTIDO POR LA DEMOCRACIA,0,12297000
ALVARO ELIZALDE SOTO ,224903463,SENADOR,7,TALCA,PARTIDO SOCIALISTA DE CHILE,0,224798463
WILFREDO ALFSEN OVANDO,14359806,SENADOR,7,TALCA,PARTIDO HUMANISTA,0,14359806
JIMENA ARIAS QUIROGA,2864200,SENADOR,7,TALCA,PARTIDO HUMANISTA,0,2864200
ANDRES VELASCO BRANES,267227518,SENADOR,7,TALCA,PARTIDO CIUDADANOS,0,267192060
JUAN CASTRO PRIETO,182388014,SENADOR,7,TALCA,INDEPENDIENTE,0,182388014
ALBERTO NICANOR MARTINEZ MOYA,6962390,SENADOR,7,TALCA,INDEPENDIENTE,0,6937626
YURI SEPULVEDA GONZALEZ,1914258,SENADOR,7,TALCA,INDEPENDIENTE,0,1914258
GRACE MARICEL SALAZAR BARRA,10109328,SENADOR,7,TALCA,INDEPENDIENTE,0,10109238
VALERIA JENOVEVA LEAL ALBORNOZ,3200000,SENADOR,7,CONSTITUCION,INDEPENDIENTE,0,3200000
JORGE TARUD DACCARETT,101752822,SENADOR,7,LINARES,PARTIDO POR LA DEMOCRACIA,0,101752822
CARLOS VILLALOBOS SEPULVEDA,14869872,SENADOR,7,LINARES,PARTIDO SOCIALISTA DE CHILE,0,14869872
YASNA CANCINO ROSSON,38202885,SENADOR,7,YERBAS BUENAS,INDEPENDIENTE,0,38202885
VIVIANA LANDAETA PARRA,11171000,SENADOR,7,RETIRO,PARTIDO SOCIALISTA DE CHILE,0,11171000
MARIA CECILIA DE LOURDES ROMERO PENA,10634371,SENADOR,8,YUMBEL,PARTIDO PAIS,0,10634371
JUAN EDILBERTO RAMIREZ VILLAGRA,1278505,SENADOR,9,ANGOL,AMPLITUD,0,1278505
CLAUDIA PALMA NUNEZ,11884945,SENADOR,9,RENAICO,PARTIDO POR LA DEMOCRACIA,0,11884945
EMA VIDAL DIAZ,7489682,SENADOR,9,COLLIPULLI,AMPLITUD,0,7483343
FLOR DOMINGUEZ ROSAS ,16945000,SENADOR,9,ERCILLA,PARTIDO SOCIALISTA DE CHILE,0,16945000
FUAD CHAHIN VALENZUELA,148856367,SENADOR,9,CURACAUTIN,PARTIDO DEMOCRATA CRISTIANO,0,148856367
JOSE GARCIA RUMINOT,101196390,SENADOR,9,TEMUCO,RENOVACION NACIONAL,0,101196390
GERMAN BECKER ALVEAR,91794412,SENADOR,9,TEMUCO,RENOVACION NACIONAL,0,91163834
FRANCISCO HUENCHUMILLA JARAMILLO,75042199,SENADOR,9,TEMUCO,PARTIDO DEMOCRATA CRISTIANO,0,75042199
JOSE VILLAGRAN SANDOVAL,27873081,SENADOR,9,TEMUCO,UNION DEMOCRATA INDEPENDIENTE,0,27871901
JAIME DANIEL QUINTANA LEAL,130345937,SENADOR,9,TEMUCO,PARTIDO POR LA DEMOCRACIA,0,130345937
SANDRA BEATRIZ ALFARO CHAVEZ,5307881,SENADOR,9,TEMUCO,PARTIDO PROGRESISTA,0,5307881
CARMEN GLORIA ARAVENA ACUNA,10357113,SENADOR,9,TEMUCO,PARTIDO EVOLUCION POLITICA,0,10357113
FELIPE KAST SOMMERHOFF,257251453,SENADOR,9,TEMUCO,PARTIDO EVOLUCION POLITICA,0,257251453
LILIAN TATIANA YANNETT RUDOLPH ESPINOZA,1095458,SENADOR,9,TEMUCO,AMPLITUD,0,1095458
AUCAN HUILCAMAN PAILLAMA,17607990,SENADOR,9,TEMUCO,INDEPENDIENTE,0,17607990
JOSE MANUEL EDWARDS SILVA,67855253,SENADOR,9,TEMUCO,INDEPENDIENTE,0,67855253
DIEGO ALEXIS ANCALAO GAVILAN,11900620,SENADOR,9,TEMUCO,INDEPENDIENTE,0,11900620
EDUARDO DIAZ HERRERA,21354458,SENADOR,9,TOLTEN,AMPLITUD,0,21354458
GUSTAVO HASBUN SELUME,187897961,SENADOR,9,PUCON,UNION DEMOCRATA INDEPENDIENTE,0,187897961
ALBERTO ANTONIO PIZARRO CHANILAO,67931925,SENADOR,9,PADRE LAS CASAS,PARTIDO POR LA DEMOCRACIA,0,67931925
ANTONELLA MUNOZ ARAYA,806358,SENADOR,14,VALDIVIA,INDEPENDIENTE,0,806358
ALEJANDRO BARRIENTOS ALVAREZ,10517698,SENADOR,11,AISEN,REVOLUCION DEMOCRATICA,0,10517698
JENNY DEL CARMEN RIVERA ROA,10895485,SENADOR,11,AISEN,REVOLUCION DEMOCRATICA,0,10895485
LUPERCIANO SEGUNDO MUNOZ GONZALEZ,19368190,SENADOR,11,CHILE CHICO,INDEPENDIENTE,0,19470265
PILAR CUEVAS MARDONES,24859319,SENADOR,11,COYHAIQUE,RENOVACION NACIONAL,0,24859319
NESTOR EDUARDO CRUCES BURGOS,24749242,SENADOR,11,COYHAIQUE,PARTIDO DEMOCRATA CRISTIANO,0,24749242
PAZ FOITZICH SANDOVAL,33965470,SENADOR,11,COYHAIQUE,PARTIDO DEMOCRATA CRISTIANO,0,33965470
DAVID SANDOVAL PLAZA,36226739,SENADOR,11,COYHAIQUE,UNION DEMOCRATA INDEPENDIENTE,0,36226739
CAMILO ESCALONA MEDINA,51169314,SENADOR,11,COYHAIQUE,PARTIDO SOCIALISTA DE CHILE,0,51169314
CARLOS ADOLFO PEREZ OSORIO,1440000,SENADOR,11,COYHAIQUE,DEMOCRACIA REGIONAL PATAGONICA,0,1440000
CARLOS CHAVEZ MARCHANT,3197890,SENADOR,11,COYHAIQUE,INDEPENDIENTE,0,3197890
XIMENA ORDENES NEIRA,30407095,SENADOR,11,COYHAIQUE,INDEPENDIENTE,0,30407095
JUAN LUIS ORTIZ SOTO,1399920,SENADOR,13,SANTIAGO,PARTIDO HUMANISTA,0,1399920
GLORIA GUZMAN ROJAS,0,SENADOR,13,SANTIAGO,PODER,0,0
GABRIEL GUROVICH STEINER,14628919,SENADOR,13,SANTIAGO,TODOS,0,14628919
FRANCISCO COLOANE ROJAS,14084330,SENADOR,13,SANTIAGO,INDEPENDIENTE,0,14084330
OSCAR REMENTERIA PALOMINO,11648159,SENADOR,13,SANTIAGO,INDEPENDIENTE,0,11791010
ANA VERDUGO BADILLA,3848093,SENADOR,13,PROVIDENCIA,RENOVACION NACIONAL,0,3848093
JOSE MIGUEL INSULZA SALINAS,109448202,SENADOR,13,PROVIDENCIA,PARTIDO SOCIALISTA DE CHILE,0,109448202
MARTA GUERRA MEDINA,0,SENADOR,13,PROVIDENCIA,PARTIDO HUMANISTA,0,0
HERNAN VODANOVIC SCHNAKE,9528980,SENADOR,13,PROVIDENCIA,INDEPENDIENTE,0,9528980
LUCIA CECILIA TORMEN MENDEZ ,0,SENADOR,13,NUNOA,PARTIDO HUMANISTA,0,0
GLORIA MUJICA ASCUI,0,SENADOR,13,NUNOA,PARTIDO HUMANISTA,0,0
MARIA EUGENIA LORENZINI LORENZINI,17150116,SENADOR,13,NUNOA,REVOLUCION DEMOCRATICA,0,17150116
GUSTAVO AURELIO RUZ ZANARTU,4407858,SENADOR,13,NUNOA,INDEPENDIENTE,0,4407858
ALEJANDRA GUAJARDO BIZAMA,0,SENADOR,13,PUDAHUEL,INDEPENDIENTE,0,0
ESTEBAN BRAVO MORENO,4681663,SENADOR,13,LA REINA,INDEPENDIENTE,0,4681663
LORENA VERGARA BRAVO,3284127,SENADOR,13,LA REINA,INDEPENDIENTE,0,3248669
GABRIELA PAZ MELENDEZ TORMEN,0,SENADOR,13,PENALOLEN,PARTIDO HUMANISTA,0,0
RAUL VARGAS FOURCADE,8310000,SENADOR,13,LO BARNECHEA,TODOS,0,8310000
ALFREDO SFEIR YOUNIS,53149039,SENADOR,13,LO BARNECHEA,INDEPENDIENTE,0,53149039
PATRICIA DEL CARMEN CONOMAN CARRILLO,10178400,SENADOR,13,EL BOSQUE,PARTIDO COMUNISTA DE CHILE,0,10178400
TOMAS REINALDO PASTENES CABEZAS,700000,SENADOR,13,LAMPA,INDEPENDIENTE,0,700000
PATRICIO LOPEZ BERRIOS,10746046,DIPUTADO,15,ARICA,RENOVACION NACIONAL,0,10746046
RICHARD VILDOSO ROJAS,4468610,DIPUTADO,15,ARICA,PARTIDO DEMOCRATA CRISTIANO,0,4468610
HECTOR HERMOGENES RIVEROS VIDAL,8853701,DIPUTADO,15,ARICA,PARTIDO DEMOCRATA CRISTIANO,0,8853701
ANDREA MURILLO NEUMANN,4451349,DIPUTADO,15,ARICA,PARTIDO DEMOCRATA CRISTIANO,0,4451349
NINO BALTOLU RASERA,19222416,DIPUTADO,15,ARICA,UNION DEMOCRATA INDEPENDIENTE,0,19228755
ANGELO ALEJANDRO CARRASCO ARIAS,16628137,DIPUTADO,15,ARICA,PARTIDO POR LA DEMOCRACIA,0,16628137
LUIS ROCAFULL LOPEZ,29493792,DIPUTADO,15,ARICA,PARTIDO SOCIALISTA DE CHILE,0,29493792
CAROLINA VIDELA OSORIO,9441663,DIPUTADO,15,ARICA,PARTIDO COMUNISTA DE CHILE,0,9441663
IVAN FIGUEROA LLONA,11257471,DIPUTADO,15,ARICA,PARTIDO HUMANISTA,0,11257471
MARCELO ZARA PIZARRO,16724017,DIPUTADO,15,ARICA,PARTIDO EVOLUCION POLITICA,0,16724017
LORENA JIMENEZ WATT,5837500,DIPUTADO,15,ARICA,PARTIDO REGIONALISTA INDEPENDIENTE,0,5837500
VLADO MIROSEVIC VERDUGO,33010000,DIPUTADO,15,ARICA,PARTIDO LIBERAL DE CHILE,0,33010000
CAMILA NAVARRO AGUAYO,4624458,DIPUTADO,15,ARICA,PARTIDO LIBERAL DE CHILE,0,4625000
CAMILO MEDINA CUSI,910820,DIPUTADO,15,ARICA,INDEPENDIENTE,0,905000
HECTOR MERIDA CESPEDES,2552080,DIPUTADO,15,ARICA,INDEPENDIENTE,0,2550000
IVAN PAREDES FIERRO ,13920274,DIPUTADO,15,ARICA,INDEPENDIENTE,0,13920274
ROSSANA VIRGINIA ALVARADO PINTO,724577,DIPUTADO,15,ARICA,INDEPENDIENTE,0,724577
CAROLINA ADRIANA HERRERA CALQUIN,2806574,DIPUTADO,15,ARICA,INDEPENDIENTE,0,2806574
RODRIGO CUEVAS TRONCOSO,10403528,DIPUTADO,15,ARICA,INDEPENDIENTE,0,10403528
ANA MARIA LUKSIC ROMERO,7930618,DIPUTADO,1,IQUIQUE,PARTIDO DEMOCRATA CRISTIANO,0,7930618
MARIELA EUGENIA BASUALTO AVALOS,23434233,DIPUTADO,1,IQUIQUE,PARTIDO DEMOCRATA CRISTIANO,0,23434233
RENZO TRISOTTI MARTINEZ,66833348,DIPUTADO,1,IQUIQUE,UNION DEMOCRATA INDEPENDIENTE,0,66833348
JUAN MARROQUIN GUZMAN,25766259,DIPUTADO,1,IQUIQUE,PARTIDO POR LA DEMOCRACIA,0,25766259
DANISA ASTUDILLO PEIRETTI,37781160,DIPUTADO,1,IQUIQUE,PARTIDO SOCIALISTA DE CHILE,0,37781160
HUGO GUTIERREZ GALVEZ,66423562,DIPUTADO,1,IQUIQUE,PARTIDO COMUNISTA DE CHILE,0,66423562
PATRICIO MARTINEZ FUENTES,17227158,DIPUTADO,1,IQUIQUE,PARTIDO RADICAL SOCIALDEMOCRATA,0,15404218
SEBASTIAN VERGARA ALFARO,8106974,DIPUTADO,1,IQUIQUE,PARTIDO HUMANISTA,0,8106974
RODRIGO OLIVA VICENTELO,8726025,DIPUTADO,1,IQUIQUE,PARTIDO IGUALDAD,0,8726025
NATAN OLIVOS NUNEZ,7219802,DIPUTADO,1,IQUIQUE,PARTIDO EVOLUCION POLITICA,0,7219802
RAFAEL MONTES GONZALEZ,3721309,DIPUTADO,1,IQUIQUE,AMPLITUD,0,3721309
ROXANA PATRICIA VIGUERAS CHERRES,19924608,DIPUTADO,1,IQUIQUE,PARTIDO LIBERAL DE CHILE,0,19924608
CARLOS EDUARDO SANTELICES LAGOS,252672,DIPUTADO,1,IQUIQUE,INDEPENDIENTE,0,252672
MYLA ETELVINA CHAVEZ FAJARDO,5976172,DIPUTADO,1,IQUIQUE,INDEPENDIENTE,0,5976172
FREDDY MARCOS ARANEDA BARAHONA,8493969,DIPUTADO,1,IQUIQUE,INDEPENDIENTE,0,8493970
RAMON GALLEGUILLOS CASTILLO,40925954,DIPUTADO,1,ALTO HOSPICIO,RENOVACION NACIONAL,0,40925954
PABLO ORNALDO VALENZUELA HUANCA,8103873,DIPUTADO,1,ALTO HOSPICIO,PARTIDO DEMOCRATA CRISTIANO,0,8103873
GABRIELA MONSALVEZ ROJAS,10947112,DIPUTADO,1,ALTO HOSPICIO,PARTIDO REGIONALISTA INDEPENDIENTE,0,10947112
HECTOR CARLOS TICUNA VILCA,3950000,DIPUTADO,1,ALTO HOSPICIO,AMPLITUD,0,3950000
MANUEL SANCHEZ LOYOLA,1430250,DIPUTADO,1,ALTO HOSPICIO,INDEPENDIENTE,0,1430250
FERNANDO SAN ROMAN BASCUNAN,22016572,DIPUTADO,2,TOCOPILLA,PARTIDO HUMANISTA,0,22016572
JOSE MIGUEL CASTRO BASCUNAN,25946521,DIPUTADO,2,ANTOFAGASTA,RENOVACION NACIONAL,0,25915853
PAULINA NUNEZ URRUTIA,121515370,DIPUTADO,2,ANTOFAGASTA,RENOVACION NACIONAL,0,121515370
VALENTIN VOLTA VALENCIA,16024073,DIPUTADO,2,ANTOFAGASTA,PARTIDO DEMOCRATA CRISTIANO,0,16013194
PABLO TOLOZA FERNANDEZ,23436271,DIPUTADO,2,ANTOFAGASTA,UNION DEMOCRATA INDEPENDIENTE,0,23400813
LUIS CAPRIOGLIO RABELLO,68085432,DIPUTADO,2,ANTOFAGASTA,PARTIDO SOCIALISTA DE CHILE,0,68461071
MARCELA XIMENA HERNANDO PEREZ,48619371,DIPUTADO,2,ANTOFAGASTA,PARTIDO RADICAL SOCIALDEMOCRATA,0,48619371
CARLOS LOPEZ VEGA,5435458,DIPUTADO,2,ANTOFAGASTA,PARTIDO REGIONALISTA INDEPENDIENTE,0,5435458
CONSTANTINO ZAFIROPULOS BOSSY,16635458,DIPUTADO,2,ANTOFAGASTA,AMPLITUD,0,16635458
ANTONINO PARISI FERNANDEZ,12863619,DIPUTADO,2,ANTOFAGASTA,DEMOCRACIA REGIONAL PATAGONICA,0,11044161
ESTEBAN ZLATAR FRANULIC,5184940,DIPUTADO,2,ANTOFAGASTA,DEMOCRACIA REGIONAL PATAGONICA,0,5184940
FREDDY ANTILEF LEIVA,642600,DIPUTADO,2,ANTOFAGASTA,PODER,0,642600
PABLO ALEJANDRO HERRERA MONARDES,5801735,DIPUTADO,2,ANTOFAGASTA,REVOLUCION DEMOCRATICA,0,5335753
CATALINA PEREZ SALINAS,18141584,DIPUTADO,2,ANTOFAGASTA,REVOLUCION DEMOCRATICA,0,18141584
EDGAR MUNOZ RETAMALES,1816547,DIPUTADO,2,ANTOFAGASTA,PARTIDO LIBERAL DE CHILE,0,1816547
SACHA IVAN RAZMILIC BURGOS,16848037,DIPUTADO,2,ANTOFAGASTA,PARTIDO CIUDADANOS,0,16848037
RODRIGO JAVIER BORNE CARNARTON,4035458,DIPUTADO,2,ANTOFAGASTA,PARTIDO CIUDADANOS,0,4035458
DANIEL ERNESTO ADARO SILVA,13219577,DIPUTADO,2,ANTOFAGASTA,FEDERACION REGIONALISTA VERDE SOCIAL,0,13219577
DIELA MARIA ALVAREZ ORTEGA,8532808,DIPUTADO,2,ANTOFAGASTA,FEDERACION REGIONALISTA VERDE SOCIAL,0,8532808
ESTEBAN JORGE VELASQUEZ NUNEZ,13011022,DIPUTADO,2,ANTOFAGASTA,FEDERACION REGIONALISTA VERDE SOCIAL,0,13011022
CAROLINA ELIZABETH MOBAREC VALENCIA,2298416,DIPUTADO,2,ANTOFAGASTA,FEDERACION REGIONALISTA VERDE SOCIAL,0,2298416
GALIA AGUILERA CABALLERO,1869339,DIPUTADO,2,ANTOFAGASTA,PARTIDO DE TRABAJADORES REVOLUCIONARIOS,0,1869339
NESTOR VERA ROJAS,40000,DIPUTADO,2,ANTOFAGASTA,PARTIDO DE TRABAJADORES REVOLUCIONARIOS,0,40000
NANCY LANZARINI WALKER,160000,DIPUTADO,2,ANTOFAGASTA,PARTIDO DE TRABAJADORES REVOLUCIONARIOS,0,160000
DANIEL VARGAS DOWNING,1015120,DIPUTADO,2,ANTOFAGASTA,PARTIDO DE TRABAJADORES REVOLUCIONARIOS,0,1015120
SERGIO JAVIER PIZARRO GOMEZ,23511011,DIPUTADO,2,ANTOFAGASTA,INDEPENDIENTE,0,23511011
CLAUDIA MENESES OLIVA,34750788,DIPUTADO,2,ANTOFAGASTA,INDEPENDIENTE,0,34750788
ALEJANDRA POZO CORTEZ,15741572,DIPUTADO,2,ANTOFAGASTA,INDEPENDIENTE,0,15737572
JAIME ARAYA GUERRERO,47387068,DIPUTADO,2,ANTOFAGASTA,INDEPENDIENTE,0,46438776
IGNACIO LEON CUEVAS,28278942,DIPUTADO,2,ANTOFAGASTA,INDEPENDIENTE,0,28278942
JANETT SHIRLEY GUERRA ABURTO,1836813,DIPUTADO,2,ANTOFAGASTA,INDEPENDIENTE,0,1836813
MIRIAM CAROLINA GONZALEZ BERNAL,0,DIPUTADO,2,ANTOFAGASTA,INDEPENDIENTE,0,0
SONYA IVONNE LANGENBACH RUIZ,6386163,DIPUTADO,2,CALAMA,PARTIDO DEMOCRATA CRISTIANO,0,6386163
MARCOS ANDRES ESPINOSA MONARDES,48377037,DIPUTADO,2,CALAMA,PARTIDO RADICAL SOCIALDEMOCRATA,0,48377037
CLAUDIO SANCHEZ BUSTOS,50000,DIPUTADO,2,CALAMA,PARTIDO PROGRESISTA,0,50000
SANDRA CARMONA PIZARRO,7371277,DIPUTADO,2,CALAMA,PARTIDO IGUALDAD,0,7371277
HARRY ROBLEDO CORTES,3814683,DIPUTADO,2,CALAMA,AMPLITUD,0,2279194
PAOLA ANDREA HIGUERAS LABRA,4553279,DIPUTADO,2,CALAMA,AMPLITUD,0,4553279
JOHN MARTINEZ GALLARDO,3826660,DIPUTADO,3,CHANARAL,FEDERACION REGIONALISTA VERDE SOCIAL,0,3826630
NELLY GALEB BOU,8697390,DIPUTADO,3,COPIAPO,RENOVACION NACIONAL,0,8643298
RENE AEDO ORMENO,11495006,DIPUTADO,3,COPIAPO,RENOVACION NACIONAL,0,11495006
SOFIA SLOVENA CID VERSALOVIC,51107749,DIPUTADO,3,COPIAPO,RENOVACION NACIONAL,0,51107749
CARLOS VILCHES GUZMAN,17096808,DIPUTADO,3,COPIAPO,UNION DEMOCRATA INDEPENDIENTE,0,17096808
JUAN PEREZ MARIN ,11858354,DIPUTADO,3,COPIAPO,UNION DEMOCRATA INDEPENDIENTE,0,11858354
NICOLAS NOMAN GARRIDO,36193968,DIPUTADO,3,COPIAPO,UNION DEMOCRATA INDEPENDIENTE,0,36193968
JORGE HIDALGO HIDALGO,14221002,DIPUTADO,3,COPIAPO,PARTIDO POR LA DEMOCRACIA,0,14221002
DANIELLA CICARDINI MILLA,64196900,DIPUTADO,3,COPIAPO,PARTIDO SOCIALISTA DE CHILE,0,64196900
MARIO RIVAS SILVA,48403633,DIPUTADO,3,COPIAPO,PARTIDO COMUNISTA DE CHILE,0,48403633
JUAN CARLOS MELENDEZ MACKENZIE,26958442,DIPUTADO,3,COPIAPO,PARTIDO RADICAL SOCIALDEMOCRATA,0,26958442
RAUL ANDRES PALACIOS AUSPONT,0,DIPUTADO,3,COPIAPO,PARTIDO MAS REGION,0,0
INTI ELEODORO SALAMANCA FERNANDEZ,12978654,DIPUTADO,3,COPIAPO,PODER,0,12978654
JUAN MANUEL ANTONIO DIAZ MICHEA,410000,DIPUTADO,3,COPIAPO,PODER,0,410000
MARIO VARAS PIZARRO,3257208,DIPUTADO,3,COPIAPO,REVOLUCION DEMOCRATICA,0,3257208
SANDRA VERONICA GUERRA TURCATI,1897727,DIPUTADO,3,COPIAPO,FEDERACION REGIONALISTA VERDE SOCIAL,0,1897727
CLARA MENESES COLOMA,2655460,DIPUTADO,3,COPIAPO,FEDERACION REGIONALISTA VERDE SOCIAL,0,2655460
PEDRO JOSE CID CID,49022275,DIPUTADO,3,COPIAPO,INDEPENDIENTE,0,49022275
LUIS ALBERTO ACUNA CASTILLO,6163600,DIPUTADO,3,COPIAPO,INDEPENDIENTE,0,6163600
FABIOLA ESCARLEN EWERT DAZA,738000,DIPUTADO,3,COPIAPO,INDEPENDIENTE,0,738000
ULISES CARABANTES AHUMADA,3905774,DIPUTADO,3,COPIAPO,INDEPENDIENTE,0,3905774
HECTOR ZAMORA GARCIA,1400000,DIPUTADO,3,COPIAPO,INDEPENDIENTE,0,1400000
PILAR SOTO RIVAS,26341600,DIPUTADO,3,TIERRA AMARILLA,PARTIDO DEMOCRATA CRISTIANO,0,26305727
YHANSS DELGADO QUEVEDO,0,DIPUTADO,3,TIERRA AMARILLA,FEDERACION REGIONALISTA VERDE SOCIAL,0,0
JUAN RUBEN SANTANA CASTILLO,19869707,DIPUTADO,3,VALLENAR,PARTIDO SOCIALISTA DE CHILE,0,19869707
JOSE IGNACIO DIAZ MALDONADO,3261951,DIPUTADO,3,VALLENAR,PARTIDO MAS REGION,0,3261951
JAIME MULET MARTINEZ,63439554,DIPUTADO,3,VALLENAR,FEDERACION REGIONALISTA VERDE SOCIAL,0,63439554
PATRICIA ERIKA ALVAREZ OLAVE,0,DIPUTADO,3,VALLENAR,INDEPENDIENTE,0,0
JOSE CAMPOS VELIZ,1666900,DIPUTADO,3,VALLENAR,INDEPENDIENTE,0,1666900
SEBASTIAN MANUEL CAMPOS CAMPILLAY,6212367,DIPUTADO,3,HUASCO,PARTIDO MAS REGION,0,6212367
CARLOS CRUZ-COKE CARVALLO,40808868,DIPUTADO,4,LA SERENA,RENOVACION NACIONAL,0,40808868
FRANCISCO DE BORJA EGUIGUREN CORREA,99677194,DIPUTADO,4,LA SERENA,RENOVACION NACIONAL,0,99677194
PEDRO PRADO MORENO,2007418,DIPUTADO,4,LA SERENA,PARTIDO DEMOCRATA CRISTIANO,0,2007418
CECILIA TIRADO SOTO,11053786,DIPUTADO,4,LA SERENA,PARTIDO DEMOCRATA CRISTIANO,0,11053786
CAROLINA INES HENRIQUEZ GUTIERREZ,18548959,DIPUTADO,4,LA SERENA,PARTIDO DEMOCRATA CRISTIANO,0,18548959
SERGIO GAHONA SALAZAR,70257798,DIPUTADO,4,LA SERENA,UNION DEMOCRATA INDEPENDIENTE,0,70257798
ALEJANDRA MARGARITA DIAZ MALUENDA,7758021,DIPUTADO,4,LA SERENA,PARTIDO POR LA DEMOCRACIA,0,7758021
RAUL SALDIVAR AUGER,41270033,DIPUTADO,4,LA SERENA,PARTIDO SOCIALISTA DE CHILE,0,41270033
ERNESTO VELASCO RODRIGUEZ,57090461,DIPUTADO,4,LA SERENA,PARTIDO RADICAL SOCIALDEMOCRATA,0,57011003
JULIO MOISES ZAPATA RODRIGUEZ,2975822,DIPUTADO,4,LA SERENA,PARTIDO PROGRESISTA,0,2975822
MARISOL CESPEDES AGUIRRE,6963942,DIPUTADO,4,LA SERENA,REVOLUCION DEMOCRATICA,0,6963942
ANDREA GUZMAN HERRERA,11943734,DIPUTADO,4,LA SERENA,INDEPENDIENTE,0,11284487
CAROLINA TORRES GONZALEZ,35458,DIPUTADO,4,LA SERENA,INDEPENDIENTE,0,200000
ANGELA ERCILIA ROJAS BARRIOS,2708035,DIPUTADO,4,LA SERENA,INDEPENDIENTE,0,2708035
ERNESTINA SARMIENTO RIVERA,8041093,DIPUTADO,4,LA SERENA,INDEPENDIENTE,0,8041093
AGUSTIN GONZALEZ MORENO,1285200,DIPUTADO,4,LA HIGUERA,PARTIDO HUMANISTA,0,1285200
MAGALLANES ESPINOSA BERTRAN,9605529,DIPUTADO,4,LA HIGUERA,REVOLUCION DEMOCRATICA,0,9605529
CRISTIAN GALLEGUILLOS VEGA,18616086,DIPUTADO,4,COQUIMBO,PARTIDO DEMOCRATA CRISTIANO,0,17264610
MATIAS WALKER PRIETO,69900268,DIPUTADO,4,COQUIMBO,PARTIDO DEMOCRATA CRISTIANO,0,69900268
JUAN MANUEL FUENZALIDA COBO,16824637,DIPUTADO,4,COQUIMBO,UNION DEMOCRATA INDEPENDIENTE,0,16834820
DANIEL NUNEZ ARANCIBIA,63604179,DIPUTADO,4,COQUIMBO,PARTIDO COMUNISTA DE CHILE,0,63604179
TIRSO ANTONIO GONZALEZ ALQUINTA,7372553,DIPUTADO,4,COQUIMBO,PARTIDO ECOLOGISTA VERDE,0,7372553
DANIELLA CORTES BAUER,7181519,DIPUTADO,4,COQUIMBO,PARTIDO IGUALDAD,0,7181519
JAIME ENRIQUE FERNANDEZ MADRID,5552416,DIPUTADO,4,COQUIMBO,PARTIDO IGUALDAD,0,5552416
NIDIA LEONOR MILLA IRARRAZABAL,200000,DIPUTADO,4,COQUIMBO,AMPLITUD,0,200000
PEDRO NOLASCO ARAYA AVILA,2392962,DIPUTADO,4,COQUIMBO,AMPLITUD,0,2357504
YERKO AVALOS VILLARROEL,12302713,DIPUTADO,4,COQUIMBO,AMPLITUD,0,12111990
PATRICIA AGUIRRE GONZALEZ,2086801,DIPUTADO,4,COQUIMBO,REVOLUCION DEMOCRATICA,0,2086801
PEDRO VELASQUEZ SEGUEL,30325788,DIPUTADO,4,COQUIMBO,INDEPENDIENTE,0,30290330
FRANCESCA FIGARI SCHENCK,12383701,DIPUTADO,4,COQUIMBO,INDEPENDIENTE,0,12383701
GABRIEL IGNACIO CABALLERO BERRIOS,281881,DIPUTADO,4,VICUNA,INDEPENDIENTE,0,246410
ROBERTO MAURICIO VEGA CAMPUSANO,18723115,DIPUTADO,4,OVALLE,RENOVACION NACIONAL,0,18723115
IVON GUERRA AGUILERA,16378889,DIPUTADO,4,OVALLE,UNION DEMOCRATA INDEPENDIENTE,0,16378889
MIGUEL ANGEL ALVARADO RAMIREZ,18088882,DIPUTADO,4,OVALLE,PARTIDO POR LA DEMOCRACIA,0,18088882
JORGE ADRIAN MONSALVE VARGAS,260035,DIPUTADO,4,OVALLE,INDEPENDIENTE,0,260035
NELSON RODRIGO GALVEZ PEREZ,4517669,DIPUTADO,4,OVALLE,INDEPENDIENTE,0,4517669
ELISA CARMEN CORTES ARAYA,19285543,DIPUTADO,4,MONTE PATRIA,PARTIDO COMUNISTA DE CHILE,0,19285543
CESAR VALENCIA CORTES,8922311,DIPUTADO,4,MONTE PATRIA,INDEPENDIENTE,0,8423660
DENIS CORTES AGUILERA,39073131,DIPUTADO,4,ILLAPEL,PARTIDO DEMOCRATA CRISTIANO,0,39073131
LUIS LEMUS ARACENA,37177806,DIPUTADO,4,ILLAPEL,PARTIDO SOCIALISTA DE CHILE,0,37177806
ALEJANDRO TELLO ARATA,1225264,DIPUTADO,4,SALAMANCA,AMPLITUD,0,1225264
ANNETTE RAPU ZAMORA,7942705,DIPUTADO,5,ISLA DE PASCUA,INDEPENDIENTE,0,7700000
MARIO LUIS FUENTES ROMERO,23438457,DIPUTADO,5,LA LIGUA,PARTIDO DEMOCRATA CRISTIANO,0,23438457
LUIS SOTO PEREZ,13414858,DIPUTADO,5,LA LIGUA,PARTIDO IGUALDAD,0,13414858
RODRIGO SILVA ALFARO,2305258,DIPUTADO,5,ZAPALLAR,AMPLITUD,0,2305258
JEANNE CROOCKER VILLA,1560001,DIPUTADO,5,ZAPALLAR,AMPLITUD,0,1560001
GUSTAVO ALESSANDRI BALMACEDA,84412591,DIPUTADO,5,ZAPALLAR,INDEPENDIENTE,0,84412591
PABLO KAST SOMMERHOFF,93228236,DIPUTADO,5,ZAPALLAR,INDEPENDIENTE,0,93228236
MARCELA ALEJANDRA GUTIERREZ GARCES,20628266,DIPUTADO,5,PAPUDO,INDEPENDIENTE,0,20628266
JOSE EGIDO ARRIOLA,19472961,DIPUTADO,5,VALPARAISO,RENOVACION NACIONAL,0,19437503
MARIELLA VALDES AVILA,14701494,DIPUTADO,5,VALPARAISO,PARTIDO DEMOCRATA CRISTIANO,0,14701494
JORGE CASTRO MUNOZ,46600753,DIPUTADO,5,VALPARAISO,UNION DEMOCRATA INDEPENDIENTE,0,46600753
RICARDO BRAVO OLIVA,25217763,DIPUTADO,5,VALPARAISO,PARTIDO SOCIALISTA DE CHILE,0,25217763
CYNTHIA LORENA BURGOS SANCHEZ,21931550,DIPUTADO,5,VALPARAISO,PARTIDO SOCIALISTA DE CHILE,0,21931550
MANUEL RIESCO LARRAIN,12188990,DIPUTADO,5,VALPARAISO,PARTIDO COMUNISTA DE CHILE,0,12188990
JORGE COULON LARRANAGA,31138713,DIPUTADO,5,VALPARAISO,PARTIDO COMUNISTA DE CHILE,0,31138712
EDSON ALEJANDRO CHAVEZ SEVERINO,10842516,DIPUTADO,5,VALPARAISO,PARTIDO COMUNISTA DE CHILE,0,10842516
IRMA DEL CARMEN TRONCOSO SAAVEDRA,9638415,DIPUTADO,5,VALPARAISO,PARTIDO RADICAL SOCIALDEMOCRATA,0,9638415
JOHN ALFREDO PARADA MONTERO,26396017,DIPUTADO,5,VALPARAISO,PARTIDO HUMANISTA,0,26396017
MARCOS ANTONIO MONTECINOS YANEZ,0,DIPUTADO,5,VALPARAISO,PARTIDO PROGRESISTA,0,0
VICTOR MANUEL VILLALOBOS SOTO,146279,DIPUTADO,5,VALPARAISO,PARTIDO PROGRESISTA,0,146279
JORGE RAULD GONZALEZ,33623052,DIPUTADO,5,VALPARAISO,PARTIDO IGUALDAD,0,33623052
LEONARDO CONTRERAS NEIRA,3442079,DIPUTADO,5,VALPARAISO,AMPLITUD,0,3442079
JORGE RUBEN CANALES GATICA,12606206,DIPUTADO,5,VALPARAISO,PODER,0,12606206
JORGE RENAULT MANRIQUEZ ,452000,DIPUTADO,5,VALPARAISO,UNION PATRIOTICA,0,452000
CARLOS LEMUS CID,2463460,DIPUTADO,5,VALPARAISO,UNION PATRIOTICA,0,2463460
LUIS QUIJADA LLANCAS,76958,DIPUTADO,5,VALPARAISO,UNION PATRIOTICA,0,76958
JEAN PIERRE GUTIERREZ ECHEVERRIA,1558241,DIPUTADO,5,VALPARAISO,UNION PATRIOTICA,0,1558241
BARBARA GONZALEZ CID,412500,DIPUTADO,5,VALPARAISO,UNION PATRIOTICA,0,412500
JORGE BRITO HASBUN,28611191,DIPUTADO,5,VALPARAISO,REVOLUCION DEMOCRATICA,0,28611191
MABEL LUCILA ZUNIGA VALENCIA,25317027,DIPUTADO,5,VALPARAISO,INDEPENDIENTE,0,25317027
MAURICIO EDUARDO LILLO CAVAGNARO,8675778,DIPUTADO,5,VALPARAISO,INDEPENDIENTE,0,8675778
IVAN ROJAS OVANDO ,3173620,DIPUTADO,5,VALPARAISO,INDEPENDIENTE,0,3173620
DANN ALEJANDRO ESPINOZA POZO,6970000,DIPUTADO,5,VALPARAISO,INDEPENDIENTE,0,6970000
NICOLL ADRIANA ROJAS LABRA,1605358,DIPUTADO,5,VALPARAISO,INDEPENDIENTE,0,1605358
TRINIDAD MORAN HERRERA,29020760,DIPUTADO,5,VINA DEL MAR,RENOVACION NACIONAL,0,29020460
ROSARIO PEREZ IZQUIERDO,31058403,DIPUTADO,5,VINA DEL MAR,RENOVACION NACIONAL,0,29440934
RENE LUES ESCOBAR,23116278,DIPUTADO,5,VINA DEL MAR,PARTIDO DEMOCRATA CRISTIANO,0,23116278
OSVALDO URRUTIA SOTO,72205342,DIPUTADO,5,VINA DEL MAR,UNION DEMOCRATA INDEPENDIENTE,0,72215342
RODRIGO GONZALEZ TORRES,42036368,DIPUTADO,5,VINA DEL MAR,PARTIDO POR LA DEMOCRACIA,0,42036368
MARCELO EDUARDO DIAZ DIAZ,47561335,DIPUTADO,5,VINA DEL MAR,PARTIDO SOCIALISTA DE CHILE,0,47561335
JUAN PABLO PAONESSA BARRIA,18694652,DIPUTADO,5,VINA DEL MAR,PARTIDO HUMANISTA,0,18504924
CARLOS HORACIO VIO VICUNA,3419000,DIPUTADO,5,VINA DEL MAR,AMPLITUD,0,3419000
ANA ARAYA ROMERO,1453471,DIPUTADO,5,VINA DEL MAR,UNION PATRIOTICA,0,1453471
CLARISA RIOS INOSTROZA,2797800,DIPUTADO,5,VINA DEL MAR,UNION PATRIOTICA,0,2797800
EDITH ESTAY OLGUIN,2736883,DIPUTADO,5,VINA DEL MAR,UNION PATRIOTICA,0,2736883
JORGE ESTAY OLGUIN,3803792,DIPUTADO,5,VINA DEL MAR,UNION PATRIOTICA,0,3803792
MARIO SOTO BENAVIDES,5358580,DIPUTADO,5,VINA DEL MAR,INDEPENDIENTE,0,5358580
PILAR SOBERADO NUNEZ,12641600,DIPUTADO,5,VINA DEL MAR,INDEPENDIENTE,0,12641600
MYRNA SEPULVEDA ZAMUDIO,6241440,DIPUTADO,5,VINA DEL MAR,INDEPENDIENTE,0,6241440
JENNIFER VIOLETA LEIVA LABARCA,7711600,DIPUTADO,5,VINA DEL MAR,INDEPENDIENTE,0,7711600
ERIKA MUNOZ BRAVO,41116257,DIPUTADO,5,VILLA ALEMANA,UNION DEMOCRATA INDEPENDIENTE,0,41116257
CAMILO SANCHEZ PIZARRO,27636975,DIPUTADO,5,VILLA ALEMANA,PARTIDO COMUNISTA DE CHILE,0,27636975
MARGGORIE ZUMARAN OYANEDEL,2000000,DIPUTADO,5,VILLA ALEMANA,PARTIDO PROGRESISTA,0,2000000
JAIME ROBERTO ESPINOZA TOBAR,1301733,DIPUTADO,5,VILLA ALEMANA,AMPLITUD,0,1301733
ALEJANDRO VERGARA ARIAS,2106780,DIPUTADO,5,VILLA ALEMANA,PODER,0,2106780
JAVIERA TOLEDO MUNOZ,3451786,DIPUTADO,5,VILLA ALEMANA,PODER,0,3451786
SONIA CUBILLOS ESPINOZA,1874000,DIPUTADO,5,VILLA ALEMANA,UNION PATRIOTICA,0,1874000
MAURICIO RIFFO MENDEZ,3566767,DIPUTADO,5,VILLA ALEMANA,UNION PATRIOTICA,0,3566767
OSCAR ANDRES ARANCIBIA ARANCIBIA,1900000,DIPUTADO,5,VILLA ALEMANA,INDEPENDIENTE,0,1900000
ANDRES LONGTON HERRERA,70459806,DIPUTADO,5,QUILPUE,RENOVACION NACIONAL,0,70459806
DANIEL VERDESSI BELEMMI,27272200,DIPUTADO,5,QUILPUE,PARTIDO DEMOCRATA CRISTIANO,0,27272200
CAROLINA MARZAN PINTO,14450000,DIPUTADO,5,QUILPUE,PARTIDO POR LA DEMOCRACIA,0,14450000
DIEGO IBANEZ COTRONEO,9910600,DIPUTADO,5,QUILPUE,PARTIDO HUMANISTA,0,9910600
ASHLY TAMARA VENEGAS CLOBARES,2237518,DIPUTADO,5,QUILPUE,AMPLITUD,0,2237518
PABLO RECABAL MATURANA,2773424,DIPUTADO,5,QUILPUE,UNION PATRIOTICA,0,2773424
FIDEL RODRIGO CUETO ROSALES,11656466,DIPUTADO,5,QUILPUE,REVOLUCION DEMOCRATICA,0,11621008
PASTORA ANTONIETA VALDERRAMA VASQUEZ,1234778,DIPUTADO,5,CASABLANCA,AMPLITUD,0,1199320
CHRISTIAN URIZAR MUNOZ,63974860,DIPUTADO,5,QUINTERO,PARTIDO SOCIALISTA DE CHILE,0,63974860
ANDRES CELIS MONTT,57365440,DIPUTADO,5,CONCON,RENOVACION NACIONAL,0,57365440
KATHERINE ARAYA MATUS,34868472,DIPUTADO,5,CONCON,PARTIDO POR LA DEMOCRACIA,0,34868472
CRESCENCIO ALBERTO LOPEZ PEREZ,2064708,DIPUTADO,5,CONCON,AMPLITUD,0,2029820
ALVARO SANHUEZA MARIPANGUE,7089728,DIPUTADO,5,CONCON,AMPLITUD,0,7043491
NICOLA HADWA SHAHWAN,4318538,DIPUTADO,5,CONCON,INDEPENDIENTE,0,4318538
VICTOR TORRES JELDES,85647669,DIPUTADO,5,SAN ANTONIO,PARTIDO DEMOCRATA CRISTIANO,0,82522456
MILKO ALEJANDRO CARACCIOLO SOTO,24687745,DIPUTADO,5,SAN ANTONIO,PARTIDO IGUALDAD,0,24687745
RODRIGO CUEVAS BENITEZ,925458,DIPUTADO,5,SAN ANTONIO,AMPLITUD,0,925458
MARIEL FERNANDA TRIGO VALLEJOS,5134583,DIPUTADO,5,SAN ANTONIO,INDEPENDIENTE,0,5134583
CAMILA ROJAS VALDERRAMA,26789928,DIPUTADO,5,SAN ANTONIO,INDEPENDIENTE,0,26789928
MARIA JOSE HOFFMANN OPAZO,105223788,DIPUTADO,5,SANTO DOMINGO,UNION DEMOCRATA INDEPENDIENTE,0,105223788
JUAN ENRIQUE SOTO ROJAS,1142641,DIPUTADO,5,EL TABO,UNION PATRIOTICA,0,1142641
KAREN PICHUNANTE CANSECO,12862130,DIPUTADO,5,ALGARROBO,AMPLITUD,0,12862130
LUIS PARDO SAINZ,131419641,DIPUTADO,5,QUILLOTA,RENOVACION NACIONAL,0,131419641
WALESKA JACQUELINE CASTILLO LOPEZ,38100430,DIPUTADO,5,QUILLOTA,PARTIDO DEMOCRATA CRISTIANO,0,38100430
MARCELO SCHILLING RODRIGUEZ,102237696,DIPUTADO,5,QUILLOTA,PARTIDO SOCIALISTA DE CHILE,0,102237196
MARIO FRANCISCO PEREZ NAVARRO,305306987,DIPUTADO,5,QUILLOTA,PARTIDO RADICAL SOCIALDEMOCRATA,0,305306987
ELIZABETH ARMSTRONG GONZALEZ,17921192,DIPUTADO,5,QUILLOTA,AMPLITUD,0,17921092
MANUEL ANTONIO CARDENAS CANCINO,28021348,DIPUTADO,5,QUILLOTA,AMPLITUD,0,28021348
NIBALDO GABRIEL PINTO SILVA,1746653,DIPUTADO,5,QUILLOTA,INDEPENDIENTE,0,1746653
DONNA HERRERA BARRERA,6998903,DIPUTADO,5,LA CALERA,AMPLITUD,0,6998903
GIOVANNI CALDERON BASSI,20594312,DIPUTADO,5,LA CRUZ,UNION DEMOCRATA INDEPENDIENTE,0,20594312
CAMILA FLORES OPORTO,46614865,DIPUTADO,5,LIMACHE,RENOVACION NACIONAL,0,46614865
CLAUDIA ARCOS DUARTE,9594500,DIPUTADO,5,LIMACHE,PARTIDO IGUALDAD,0,9594500
MARCIA LORENA TAPIA NAVIA,2044471,DIPUTADO,5,LIMACHE,UNION PATRIOTICA,0,2044471
JOEL ANDRES GONZALEZ VEGA,7935214,DIPUTADO,5,LIMACHE,INDEPENDIENTE,0,7935214
FRANCISCA CHAHUAN GAJARDO,6135272,DIPUTADO,5,LIMACHE,INDEPENDIENTE,0,6135272
JAVIER MALDONADO CORREA,40733046,DIPUTADO,5,OLMUE,PARTIDO EVOLUCION POLITICA,0,40733046
ULISES TOBAR CASSI ,27348764,DIPUTADO,5,PUTAENDO,PARTIDO DEMOCRATA CRISTIANO,0,27344640
XIMENA MARIA RIVILLO OROSTICA,37380945,DIPUTADO,5,SANTA MARIA,PARTIDO POR LA DEMOCRACIA,0,37380945
GABRIEL ARANGUIZ BALLESTEROS,11413120,DIPUTADO,5,LLAY-LLAY,PARTIDO PROGRESISTA,0,11413120
PATRICIO ANTONIO BARROS VIGUERA,2494368,DIPUTADO,5,LOS ANDES,PARTIDO DEMOCRATA CRISTIANO,0,2494368
MARIANELLA BENAVIDES CARDENAS,22078639,DIPUTADO,5,LOS ANDES,PARTIDO HUMANISTA,0,22078639
PEDRO ENRIQUE AVILA SILVA,23105142,DIPUTADO,5,RINCONADA,PARTIDO RADICAL SOCIALDEMOCRATA,0,23105142
JAVIER MACAYA DANUS,108583703,DIPUTADO,6,RANCAGUA,UNION DEMOCRATA INDEPENDIENTE,0,108583703
EDUARDO JAVIER VERGARA BOLBARAN,26850495,DIPUTADO,6,RANCAGUA,PARTIDO POR LA DEMOCRACIA,0,26850285
JUAN LUIS CASTRO GONZALEZ,72650344,DIPUTADO,6,RANCAGUA,PARTIDO SOCIALISTA DE CHILE,0,72650344
MORIN CONTRERAS CONCHA,45907511,DIPUTADO,6,RANCAGUA,PARTIDO SOCIALISTA DE CHILE,0,45907511
OSCAR AVILA MENDEZ,27659453,DIPUTADO,6,RANCAGUA,PARTIDO SOCIALISTA DE CHILE,0,27659453
RODOLFO ARTURO NUNEZ BUSTAMANTE,10919136,DIPUTADO,6,RANCAGUA,PARTIDO COMUNISTA DE CHILE,0,10919136
JOAQUIN ARDUENGO NAREDO,928400,DIPUTADO,6,RANCAGUA,PARTIDO HUMANISTA,0,928400
ANDRES ALFONSO LEAL ALVARADO ,171360,DIPUTADO,6,RANCAGUA,PARTIDO HUMANISTA,0,171360
GUIDO MIRANDA ROJAS,2370971,DIPUTADO,6,RANCAGUA,UNION PATRIOTICA,0,2370971
LESLIE DIAZ SILVA,1520508,DIPUTADO,6,RANCAGUA,UNION PATRIOTICA,0,1520508
MARIANA CONCHA MUNOZ,803508,DIPUTADO,6,RANCAGUA,UNION PATRIOTICA,0,803508
PABLO CAROCA VASQUEZ,1831971,DIPUTADO,6,RANCAGUA,UNION PATRIOTICA,0,1831971
MARIA MARGARITA CRESPO URETA,1296506,DIPUTADO,6,RANCAGUA,REVOLUCION DEMOCRATICA,0,1296506
KARIN RODRIGO BELMAR GUZMAN,504741,DIPUTADO,6,RANCAGUA,REVOLUCION DEMOCRATICA,0,504741
ALFREDO VALENZUELA BRICENO,740329,DIPUTADO,6,RANCAGUA,FEDERACION REGIONALISTA VERDE SOCIAL,0,740329
GRACIELA FILOMENA ISLA PEREZ,5221199,DIPUTADO,6,RANCAGUA,INDEPENDIENTE,0,5221199
PAULINA ORELLANA AUIL,7811835,DIPUTADO,6,RANCAGUA,INDEPENDIENTE,0,7811835
JUAN CARLOS OLMOS CASTRO,3660498,DIPUTADO,6,RANCAGUA,INDEPENDIENTE,0,3660498
CATHERINE FIELDHOUSE ALARCON,10518049,DIPUTADO,6,RANCAGUA,INDEPENDIENTE,0,10518049
CAROL HOLE BELL,1450098,DIPUTADO,6,RANCAGUA,INDEPENDIENTE,0,1450098
CRISTIAN ALFREDO ROJAS DONOSO,1281994,DIPUTADO,6,RANCAGUA,INDEPENDIENTE,0,1281994
IVONNE MANGELSDORFF GALEB,15776598,DIPUTADO,6,MACHALI,RENOVACION NACIONAL,0,15776598
ANDRES LORCA SAAVEDRA,15530408,DIPUTADO,6,MACHALI,PARTIDO DEMOCRATA CRISTIANO,0,15530408
PAMELA MEDINA SCHULZ,87490088,DIPUTADO,6,MACHALI,INDEPENDIENTE,0,87490088
DIEGO SCHALPER SEPULVEDA,136599999,DIPUTADO,6,MACHALI,INDEPENDIENTE,0,136599999
FILOMENA URBINA CAMPOS,3317641,DIPUTADO,6,GRANEROS,PARTIDO PROGRESISTA,0,3314641
ANDRES ESTEBAN MORENO BILBAO,5343411,DIPUTADO,6,MOSTAZAL,INDEPENDIENTE,0,5343411
EMMANUEL LARA ACEVEDO,2263971,DIPUTADO,6,COLTAUCO,UNION PATRIOTICA,0,2263971
ISSA KORT GARRIGA,83775179,DIPUTADO,6,PEUMO,UNION DEMOCRATA INDEPENDIENTE,0,83775179
JOSE GREGORIO ARGOMEDO SERRE,2462150,DIPUTADO,6,LAS CABRAS,PARTIDO PROGRESISTA,0,2462150
VIRGINIA TRONCOSO HELLMAN,19286710,DIPUTADO,6,SAN VICENTE,UNION DEMOCRATA INDEPENDIENTE,0,19286710
RUBEN EDUARDO ANDINO MALDONADO,7808680,DIPUTADO,6,SAN VICENTE,PARTIDO HUMANISTA,0,7808680
VICTOR HUGO CAMILLA REYES,828236,DIPUTADO,6,SAN VICENTE,PARTIDO PROGRESISTA,0,828236
NILZA MARCELA ROJAS ESCHMANN,1366378,DIPUTADO,6,SAN VICENTE,PARTIDO PROGRESISTA,0,1366378
RAUL SOTO MARDONES,53788834,DIPUTADO,6,RENGO,PARTIDO DEMOCRATA CRISTIANO,0,53788834
FELIPE LETELIER NORAMBUENA,46074328,DIPUTADO,6,RENGO,PARTIDO POR LA DEMOCRACIA,0,46074328
ALEJANDRO ANSELMO SULE FERNANDEZ,23165927,DIPUTADO,6,RENGO,INDEPENDIENTE,0,23165927
JORGE FREI TOLEDO,67058143,DIPUTADO,6,OLIVAR,PARTIDO DEMOCRATA CRISTIANO,0,67058143
CRISTIAN ALEJANDRO PALMA SANHUEZA,8846955,DIPUTADO,6,OLIVAR,INDEPENDIENTE,0,8846955
FRANCISCO ALEJANDRO PARRAGUEZ LEIVA,31113000,DIPUTADO,6,MALLOA,PARTIDO IZQUIERDA CIUDADANA DE CHILE,0,31113000
PATRICIA ANDREA IBACETA SANTOS,7725493,DIPUTADO,6,SAN FERNANDO,PARTIDO DEMOCRATA CRISTIANO,0,7725493
VANESSA CABELLO PARADA,1750000,DIPUTADO,6,SAN FERNANDO,UNION DEMOCRATA INDEPENDIENTE,0,1750000
SERGIO ARIEL SALAZAR MEZA,27108132,DIPUTADO,6,SAN FERNANDO,PARTIDO SOCIALISTA DE CHILE,0,27108132
RICARDO ANTONIO LISBOA HENRIQUEZ,1788689,DIPUTADO,6,SAN FERNANDO,PARTIDO HUMANISTA,0,1788689
ALEJANDRA SEPULVEDA ORBENES,70429792,DIPUTADO,6,SAN FERNANDO,FEDERACION REGIONALISTA VERDE SOCIAL,0,70429792
CHRISTIAN ANDRES GONZALEZ GONZALEZ,1499381,DIPUTADO,6,SAN FERNANDO,INDEPENDIENTE,0,1499381
ADRIANA ROMAN TAPIA,16886895,DIPUTADO,6,SAN FERNANDO,INDEPENDIENTE,0,16886895
SAMUEL FLORES GARRIDO,9836669,DIPUTADO,6,SAN FERNANDO,INDEPENDIENTE,0,9801609
MACARENA ZAPATA MARMOLEJO,8893820,DIPUTADO,6,SAN FERNANDO,INDEPENDIENTE,0,8893820
COSME MELLADO PINO,31459649,DIPUTADO,6,CHIMBARONGO,PARTIDO RADICAL SOCIALDEMOCRATA,0,31459649
BENJAMIN ARANEDA GONZALEZ,1384916,DIPUTADO,6,CHIMBARONGO,PARTIDO PROGRESISTA,0,1384916
MARIA TERESA HUALA MOLINA,1655000,DIPUTADO,6,NANCAGUA,INDEPENDIENTE,0,1655000
JUAN CARLOS LATORRE CARMONA,53234258,DIPUTADO,6,SANTA CRUZ,PARTIDO DEMOCRATA CRISTIANO,0,53234258
SEBASTIAN LLANTEN MORALES,5225463,DIPUTADO,6,SANTA CRUZ,PARTIDO DEMOCRATA CRISTIANO,0,5395660
CAMILO ARTURO GARCIA DE LA BARRA,15096466,DIPUTADO,6,SANTA CRUZ,PARTIDO RADICAL SOCIALDEMOCRATA,0,15096466
VICTOR BUSTAMANTE GALAZ,14256114,DIPUTADO,6,SANTA CRUZ,FEDERACION REGIONALISTA VERDE SOCIAL,0,14256114
CAROLINA ELSA ICELA CUCUMIDES CALDERON,76125216,DIPUTADO,6,PALMILLA,PARTIDO POR LA DEMOCRACIA,0,76125216
RAMON BARROS MONTERO,85962587,DIPUTADO,6,CHEPICA,UNION DEMOCRATA INDEPENDIENTE,0,85962587
JULIO IBARRA MALDONADO,22332369,DIPUTADO,6,PICHILEMU,RENOVACION NACIONAL,0,22332369
ALEXANDRA DIAZ MUNOZ,7270258,DIPUTADO,6,PICHILEMU,INDEPENDIENTE,0,7270258
MAURICIO BOZA GONZALEZ,25705456,DIPUTADO,6,PAREDONES,RENOVACION NACIONAL,0,25705456
HUGO REY MARTINEZ,42177532,DIPUTADO,7,CURICO,RENOVACION NACIONAL,0,42177532
ROBERTO LEON RAMIREZ,34126547,DIPUTADO,7,CURICO,PARTIDO DEMOCRATA CRISTIANO,0,34126547
CELSO MORALES MUNOZ,59223671,DIPUTADO,7,CURICO,UNION DEMOCRATA INDEPENDIENTE,0,59223671
MARIA ANTONIETA ROJAS GONZALEZ,2563000,DIPUTADO,7,CURICO,PARTIDO POR LA DEMOCRACIA,0,2563000
HENRY BERNARD VARAS CONCHA,5829595,DIPUTADO,7,CURICO,PARTIDO POR LA DEMOCRACIA,0,5829595
JORGE CESPEDES POZO,42559500,DIPUTADO,7,CURICO,PARTIDO SOCIALISTA DE CHILE,0,65448388
BORIS DURAN REYES,43839687,DIPUTADO,7,CURICO,PARTIDO SOCIALISTA DE CHILE,0,43839687
JUAN ENRIQUE NORAMBUENA MATUS,14999774,DIPUTADO,7,CURICO,PARTIDO RADICAL SOCIALDEMOCRATA,0,14999774
LORENA ARELLANO NAVARRO,3452293,DIPUTADO,7,CURICO,PARTIDO PROGRESISTA,0,3452293
VALERIA ORTEGA CADENA,3183632,DIPUTADO,7,CURICO,REVOLUCION DEMOCRATICA,0,3183632
IVAN MORAN MORAN,13436190,DIPUTADO,7,CURICO,PARTIDO LIBERAL DE CHILE,0,13436190
JOSE MANUEL ARAYA ARAYA,4334975,DIPUTADO,7,CURICO,PARTIDO PAIS,0,4334975
ROSA DEL CARMEN RIQUELME ANDRADES,11625136,DIPUTADO,7,CURICO,PARTIDO PAIS,0,11625136
VIVIANA ALEJANDRA GULPPI RUBIO,1400000,DIPUTADO,7,LICANTEN,PARTIDO IZQUIERDA CIUDADANA DE CHILE,0,1400000
GONZALO MONTERO VIVEROS,51458995,DIPUTADO,7,TALCA,RENOVACION NACIONAL,0,51458995
PABLO LORENZINI BASSO,51478124,DIPUTADO,7,TALCA,PARTIDO DEMOCRATA CRISTIANO,0,51478124
PEDRO PABLO ALVAREZ-SALAMANCA RAMIREZ,50921155,DIPUTADO,7,TALCA,UNION DEMOCRATA INDEPENDIENTE,0,50921155
ELENA ROJAS ALVARADO,7917843,DIPUTADO,7,TALCA,UNION DEMOCRATA INDEPENDIENTE,0,7926843
BEATRIZ VILLENA ROCO,45998880,DIPUTADO,7,TALCA,PARTIDO POR LA DEMOCRACIA,0,45998880
ALEXIS SEPULVEDA SOTO,54092701,DIPUTADO,7,TALCA,PARTIDO RADICAL SOCIALDEMOCRATA,0,54092101
MARCELO RIOSECO PAIS,4937046,DIPUTADO,7,TALCA,PARTIDO HUMANISTA,0,4937046
NATALIA ALEJANDRA VILLALOBOS CAMPOS,1890000,DIPUTADO,7,TALCA,PARTIDO HUMANISTA,0,1890000
IVAN SEPULVEDA SEPULVEDA,3518480,DIPUTADO,7,TALCA,PARTIDO HUMANISTA,0,3518480
ELIAS VISTOSO URRUTIA,31277017,DIPUTADO,7,TALCA,PARTIDO EVOLUCION POLITICA,0,31277017
NATALY ROJAS SEGUEL,14527536,DIPUTADO,7,TALCA,REVOLUCION DEMOCRATICA,0,14527536
MAURICIO ANDRES AGUILERA MUNOZ,1677411,DIPUTADO,7,TALCA,PARTIDO CIUDADANOS,0,1625893
FERNANDO LEAL ARAVENA,15886154,DIPUTADO,7,TALCA,PARTIDO PAIS,0,15886154
GERMAN VERDUGO SOTO,36753672,DIPUTADO,7,TALCA,INDEPENDIENTE,0,36753672
PABLO PRIETO LORCA,64931443,DIPUTADO,7,TALCA,INDEPENDIENTE,0,64931443
GABRIELA TORRES PINCHEIRA,12038400,DIPUTADO,7,TALCA,INDEPENDIENTE,0,12038400
IVONNE CECILIA SAN LUIS GONZALEZ,3112800,DIPUTADO,7,TALCA,INDEPENDIENTE,0,3112800
JUAN HERRERA FUENTES,0,DIPUTADO,7,TALCA,INDEPENDIENTE,0,0
JUAN FRANCISCO PULGAR CASTILLO,12995099,DIPUTADO,7,TALCA,INDEPENDIENTE,0,12995099
GRACIELA TORRES INOSTROZA,3337750,DIPUTADO,7,PENCAHUE,PARTIDO DEMOCRATA CRISTIANO,0,3333208
GONZALO EDUARDO JARA ESPINOZA,1760000,DIPUTADO,7,PENCAHUE,PARTIDO CIUDADANOS,0,1760000
ALEJANDRA SUAZO DURAN,23018520,DIPUTADO,7,MAULE,PARTIDO SOCIALISTA DE CHILE,0,23018520
CARLOS IVAN MUNOZ ARAYA,1035458,DIPUTADO,7,CUREPTO,PARTIDO CIUDADANOS,0,1035458
PAMELA ANDREA VALENZUELA CASTILLO,3941423,DIPUTADO,7,SAN RAFAEL,INDEPENDIENTE,0,3941423
FELIPE CISTERNAS SOBARZO,61574103,DIPUTADO,7,LINARES,RENOVACION NACIONAL,0,61574104
PABLO GUTIERREZ PAREJA,16389187,DIPUTADO,7,LINARES,PARTIDO DEMOCRATA CRISTIANO,0,16389187
CLAUDIA ARAVENA LAGOS,18874359,DIPUTADO,7,LINARES,PARTIDO DEMOCRATA CRISTIANO,0,18874359
ROLANDO RENTERIA MOLLER,54550413,DIPUTADO,7,LINARES,UNION DEMOCRATA INDEPENDIENTE,0,54550413
JAIME NARANJO ORTIZ,26007589,DIPUTADO,7,LINARES,PARTIDO SOCIALISTA DE CHILE,0,26007589
FRANCISCA BASCUNAN PENA,24546537,DIPUTADO,7,LINARES,PARTIDO RADICAL SOCIALDEMOCRATA,0,24546537
MARIA VERONICA SAAVEDRA HENRIQUEZ,1999200,DIPUTADO,7,LINARES,PARTIDO PROGRESISTA,0,1999200
CARLOS ALBERTO TILLERIA GOMEZ,6325987,DIPUTADO,7,LINARES,REVOLUCION DEMOCRATICA,0,6325987
ALVARO ANDRES ARRIETA LEIVA,1641514,DIPUTADO,7,LINARES,PARTIDO CIUDADANOS,0,1641514
ALEXANDER MITJAEW PANASEWITSCH,768300,DIPUTADO,7,LINARES,INDEPENDIENTE,0,768300
SAMUEL JIMENEZ MORAGA,900000,DIPUTADO,7,LINARES,INDEPENDIENTE,0,900000
IGNACIO URRUTIA BONILLA,69081716,DIPUTADO,7,PARRAL,UNION DEMOCRATA INDEPENDIENTE,0,69081716
GUILLERMO CERONI FUENTES,74364631,DIPUTADO,7,PARRAL,PARTIDO POR LA DEMOCRACIA,0,74364631
SERGIO CARVAJAL CADIZ,200000,DIPUTADO,7,SAN JAVIER,PARTIDO HUMANISTA,0,200000
ALEJANDRA RAMIREZ VERDUGO,41120324,DIPUTADO,7,CAUQUENES,RENOVACION NACIONAL,0,41084866
MANUEL MATTA ARAGAY,53402770,DIPUTADO,7,CAUQUENES,PARTIDO DEMOCRATA CRISTIANO,0,53402770
LILIAN KARINA CANCINO HENRIQUEZ,2526240,DIPUTADO,7,CAUQUENES,REVOLUCION DEMOCRATICA,0,2526240
RODOLFO ARANDA VILLANUEVA ,12686596,DIPUTADO,7,CAUQUENES,INDEPENDIENTE,0,12686581
PAOLA ANDREA CABEZAS ZUNIGA,19743189,DIPUTADO,7,CAUQUENES,INDEPENDIENTE,0,19743189
EUDALDO HERNAN GONZALEZ MANRIQUEZ,1079964,DIPUTADO,7,CHANCO,INDEPENDIENTE,0,1079964
HORACIO BORQUEZ CONTI,23340103,DIPUTADO,8,CHILLAN,RENOVACION NACIONAL,0,19754860
GRACIELA SUAREZ PEREZ,11089428,DIPUTADO,8,CHILLAN,PARTIDO DEMOCRATA CRISTIANO,0,11089428
MARCIA ISABEL WALL TORO,2233938,DIPUTADO,8,CHILLAN,PARTIDO DEMOCRATA CRISTIANO,0,2248480
MARGARITA LETELIER CORTES,50261285,DIPUTADO,8,CHILLAN,UNION DEMOCRATA INDEPENDIENTE,0,50261285
GUSTAVO SANHUEZA DUENAS,59898574,DIPUTADO,8,CHILLAN,UNION DEMOCRATA INDEPENDIENTE,0,59898574
SOLEDAD TOHA VELOSO ,51098366,DIPUTADO,8,CHILLAN,PARTIDO SOCIALISTA DE CHILE,0,50371156
CARLOS ABEL JARPA WEVAR,47336114,DIPUTADO,8,CHILLAN,PARTIDO RADICAL SOCIALDEMOCRATA,0,47336114
FANNY ESTHER ARAYA BAHAMONDE,149112,DIPUTADO,8,CHILLAN,PARTIDO PROGRESISTA,0,149112
ENRIQUE EDIS JARA RIVERA,3998998,DIPUTADO,8,CHILLAN,PARTIDO IGUALDAD,0,3998998
HUGO NEFTALI GUINEZ MARDONES,1702140,DIPUTADO,8,CHILLAN,AMPLITUD,0,1701070
MARIA JOSE RUBILAR ESCANDON,1901780,DIPUTADO,8,CHILLAN,AMPLITUD,0,1901780
CRISTIAN QUIROZ REYES,25619356,DIPUTADO,8,CHILLAN,PARTIDO PAIS,0,25619356
JOSE LUIS GUZMAN FERNANDEZ,1594274,DIPUTADO,8,CHILLAN,INDEPENDIENTE,0,1594274
RICHARD MANUEL PINCHEIRA AEDO,2251150,DIPUTADO,8,CHILLAN,INDEPENDIENTE,0,2251150
CRISTOBAL MARTINEZ RAMIREZ,30493535,DIPUTADO,8,CHILLAN,INDEPENDIENTE,0,30493535
JAIME TOHA GONZALEZ,80635259,DIPUTADO,8,PINTO,PARTIDO SOCIALISTA DE CHILE,0,80635259
FRANK SAUERBAUM MUNOZ,63387345,DIPUTADO,8,SAN CARLOS,RENOVACION NACIONAL,0,63387345
JORGE JESUS GONZALEZ CASTILLO,8832527,DIPUTADO,8,SAN CARLOS,PARTIDO COMUNISTA DE CHILE,0,8832527
ROCIO GUZMAN MAGANA,5297948,DIPUTADO,8,SAN CARLOS,AMPLITUD,0,5297948
ALEJANDRA SEPULVEDA RIOS,3331124,DIPUTADO,8,SAN CARLOS,INDEPENDIENTE,0,3330000
JULIA TORRES MATAMALA,8026830,DIPUTADO,8,NIQUEN,INDEPENDIENTE,0,8026830
MANUEL BELLO NUNEZ,58879640,DIPUTADO,8,SAN NICOLAS,PARTIDO POR LA DEMOCRACIA,0,58879640
GINA MARIA HIDALGO CANCINO,23813496,DIPUTADO,8,BULNES,PARTIDO SOCIALISTA DE CHILE,0,23813555
JACQUELINE GUINEZ NUNEZ,44221616,DIPUTADO,8,PEMUCO,RENOVACION NACIONAL,0,44221616
GABRIEL TORRES HERMOSILLA,28874965,DIPUTADO,8,CONCEPCION,RENOVACION NACIONAL,0,28874957
FRANCESCA MUNOZ GONZALEZ,54446924,DIPUTADO,8,CONCEPCION,RENOVACION NACIONAL,0,54446924
JOSE MIGUEL ORTIZ NOVOA,167886016,DIPUTADO,8,CONCEPCION,PARTIDO DEMOCRATA CRISTIANO,0,167886016
JORGE ULLOA AGUILLON,50261023,DIPUTADO,8,CONCEPCION,UNION DEMOCRATA INDEPENDIENTE,0,50261023
ENRIQUE VAN RYSSELBERGHE HERRERA,68121788,DIPUTADO,8,CONCEPCION,UNION DEMOCRATA INDEPENDIENTE,0,68121788
RODRIGO DAROCH YANEZ ,19078577,DIPUTADO,8,CONCEPCION,PARTIDO POR LA DEMOCRACIA,0,19078577
VANIA SALAZAR SALAZAR,34891835,DIPUTADO,8,CONCEPCION,PARTIDO SOCIALISTA DE CHILE,0,34891835
SANDRA VELASQUEZ PALMA,3164200,DIPUTADO,8,CONCEPCION,PARTIDO HUMANISTA,0,3164200
CAMILO RIFFO QUINTANA,13035152,DIPUTADO,8,CONCEPCION,PARTIDO HUMANISTA,0,12999694
ELIZABETH MUJICA ZEPEDA,9498789,DIPUTADO,8,CONCEPCION,PARTIDO ECOLOGISTA VERDE,0,9498789
XIMENA MARTINA LARENAS HENRIQUEZ,4106100,DIPUTADO,8,CONCEPCION,PARTIDO ECOLOGISTA VERDE,0,4106100
RODOLFO RUIZ MEDEL,863197,DIPUTADO,8,CONCEPCION,PARTIDO PROGRESISTA,0,863197
MAURICIO GONZALO PEREZ DURAN,4089658,DIPUTADO,8,CONCEPCION,PARTIDO IGUALDAD,0,4089658
VIVIANA NAVARRO BRAIN,12610712,DIPUTADO,8,CONCEPCION,PARTIDO PAIS,0,12610712
JORGE EDUARDO AGUAYO CERRO,2365218,DIPUTADO,8,CONCEPCION,PARTIDO PAIS,0,2365218
DAMARIS ILIA HERNANDEZ MUNOZ,202300,DIPUTADO,8,CONCEPCION,PARTIDO PAIS,0,202300
DOMINGO MONTECINOS OSSES,1772401,DIPUTADO,8,CONCEPCION,INDEPENDIENTE,0,1772401
ELIAS RAMOS MUNOZ,20892675,DIPUTADO,8,CONCEPCION,INDEPENDIENTE,0,20890772
CLAUDIA MONJE VIDAL,977075,DIPUTADO,8,CONCEPCION,INDEPENDIENTE,0,977075
FERNANDO ANTINAO JELVES,14597103,DIPUTADO,8,PENCO,PARTIDO COMUNISTA DE CHILE,0,14609087
CARLOS ASTETE ALVAREZ,2704000,DIPUTADO,8,HUALQUI,PARTIDO PROGRESISTA,0,2704000
ROBERTO ANDRES FRANCESCONI RIQUELME,1875093,DIPUTADO,8,HUALQUI,INDEPENDIENTE,0,1875093
SANDRA OLIVA JIMENEZ,3130900,DIPUTADO,8,TOME,PARTIDO IGUALDAD,0,3130900
TAMARA BELEN ORTIZ CASTILLO,3130900,DIPUTADO,8,TOME,PARTIDO IGUALDAD,0,3130900
LEONIDAS ROMERO SAEZ,31645214,DIPUTADO,8,TALCAHUANO,RENOVACION NACIONAL,0,31645214
KARLA ANDREA MUNOZ RAMIREZ,10026960,DIPUTADO,8,TALCAHUANO,PARTIDO DEMOCRATA CRISTIANO,0,10026960
BERTA BELMAR RUIZ,20549990,DIPUTADO,8,TALCAHUANO,PARTIDO POR LA DEMOCRACIA,0,20550000
CRISTIAN CAMPOS JARA,40245533,DIPUTADO,8,TALCAHUANO,PARTIDO POR LA DEMOCRACIA,0,40245541
GASTON SAAVEDRA CHANDIA,80332947,DIPUTADO,8,TALCAHUANO,PARTIDO SOCIALISTA DE CHILE,0,80332947
JORGE ANDRES BUSTOS MELLADO,6539210,DIPUTADO,8,TALCAHUANO,PARTIDO ECOLOGISTA VERDE,0,6539210
HERNAN PINO SEGUEL,15418941,DIPUTADO,8,TALCAHUANO,PARTIDO PROGRESISTA,0,15418941
MANUEL DAVID LOPEZ CARTES,1951965,DIPUTADO,8,TALCAHUANO,PARTIDO PROGRESISTA,0,1951965
MACARENA ALEJANDRA AGUSTO RODRIGUEZ,4428721,DIPUTADO,8,TALCAHUANO,PARTIDO MAS REGION,0,4393263
MAURICIO SALGADO ROJAS,6622393,DIPUTADO,8,TALCAHUANO,AMPLITUD,0,6620000
MARIA MAGDALENA GONZALEZ REBOLLEDO,2540000,DIPUTADO,8,TALCAHUANO,AMPLITUD,0,2540000
CAROLINA MONSALVES SANHUEZA,1846100,DIPUTADO,8,TALCAHUANO,INDEPENDIENTE,0,1846100
CRISTIAN CUEVAS ZAMBRANO,24957023,DIPUTADO,8,CORONEL,PARTIDO HUMANISTA,0,24957023
PAOLA DEL CARMEN BUSTOS MATUS,8330921,DIPUTADO,8,CORONEL,PARTIDO MAS REGION,0,8330921
FELIPE ALONZO HERNANDEZ VIDAL,4235822,DIPUTADO,8,CORONEL,PARTIDO MAS REGION,0,4200364
CARLA CEBALLOS SANTIBANEZ,6904291,DIPUTADO,8,LOTA,INDEPENDIENTE,0,6904291
CLAUDIO EGUILUZ RODRIGUEZ,40175911,DIPUTADO,8,SAN PEDRO DE LA PAZ,RENOVACION NACIONAL,0,40175911
MARCELO CHAVEZ VELASQUEZ,53249471,DIPUTADO,8,SAN PEDRO DE LA PAZ,PARTIDO DEMOCRATA CRISTIANO,0,53249471
PATRICIA SALDIAS CARRENO,9516331,DIPUTADO,8,SAN PEDRO DE LA PAZ,PARTIDO DEMOCRATA CRISTIANO,0,9466659
CLAUDIA HURTADO ESPINOZA,21877754,DIPUTADO,8,SAN PEDRO DE LA PAZ,UNION DEMOCRATA INDEPENDIENTE,0,21877754
LORETO MUNOZ GUTIERREZ,17705867,DIPUTADO,8,SAN PEDRO DE LA PAZ,PARTIDO HUMANISTA,0,17705867
FELIX GONZALEZ GATICA,36545319,DIPUTADO,8,SAN PEDRO DE LA PAZ,PARTIDO ECOLOGISTA VERDE,0,36545319
RAQUEL REBOLLEDO FLORES,3859609,DIPUTADO,8,SAN PEDRO DE LA PAZ,PARTIDO ECOLOGISTA VERDE,0,3859609
PAULA OPAZO NOVA,6795763,DIPUTADO,8,SAN PEDRO DE LA PAZ,PARTIDO ECOLOGISTA VERDE,0,6795763
FRANCESCA PARODI OPPLIGER,42278883,DIPUTADO,8,SAN PEDRO DE LA PAZ,PARTIDO EVOLUCION POLITICA,0,42278883
JOANNA PEREZ OLEA,66608297,DIPUTADO,8,CHIGUAYANTE,PARTIDO DEMOCRATA CRISTIANO,0,66608297
IVAN NORAMBUENA FARIAS,69490508,DIPUTADO,8,CHIGUAYANTE,UNION DEMOCRATA INDEPENDIENTE,0,69490508
SERGIO BOBADILLA MUNOZ,56525909,DIPUTADO,8,CHIGUAYANTE,UNION DEMOCRATA INDEPENDIENTE,0,56525909
VICTORIA INES FARINA CONCHA,17572209,DIPUTADO,8,CHIGUAYANTE,PARTIDO COMUNISTA DE CHILE,0,17572209
LILY ONATE MUNOZ,14732720,DIPUTADO,8,CHIGUAYANTE,PARTIDO RADICAL SOCIALDEMOCRATA,0,12716296
MARIO JARA ESCOBAR,10142997,DIPUTADO,8,CHIGUAYANTE,PARTIDO PROGRESISTA,0,10142997
BALDRAMINA DEL CARMEN HENRIQUEZ COFRE,4193263,DIPUTADO,8,CHIGUAYANTE,PARTIDO MAS REGION,0,4193263
JOSE ALEXIS LARA FLORES,4335521,DIPUTADO,8,CHIGUAYANTE,PARTIDO MAS REGION,0,4335521
MIGUEL ANGEL PEZO MORALES,35458,DIPUTADO,8,CHIGUAYANTE,AMPLITUD,0,250000
ALEJANDRA FLORES DE LA VEGA,1489853,DIPUTADO,8,CHIGUAYANTE,AMPLITUD,0,1465458
RENZO ITALO GALGANI FONSECA,16483836,DIPUTADO,8,ARAUCO,PARTIDO PAIS,0,16483836
MANUEL MONSALVE BENAVIDES,92481126,DIPUTADO,8,LOS ALAMOS,PARTIDO SOCIALISTA DE CHILE,0,92481126
OSCAR CABRERA ORTIZ,21642679,DIPUTADO,8,LOS ALAMOS,PARTIDO RADICAL SOCIALDEMOCRATA,0,21642679
MIGUEL ANGEL PALTA SARMIENTO,364800,DIPUTADO,8,CANETE,PARTIDO PROGRESISTA,0,364800
MARLENE GUZMAN KRAMER,26374568,DIPUTADO,8,LOS ANGELES,RENOVACION NACIONAL,0,26374568
CRISTOBAL URRUTICOECHEA RIOS,47306768,DIPUTADO,8,LOS ANGELES,RENOVACION NACIONAL,0,47306768
JUAN BENEDICTO MACAYA MIRANDA,17240695,DIPUTADO,8,LOS ANGELES,PARTIDO DEMOCRATA CRISTIANO,0,17240695
PATRICIO PINILLA VALENCIA,34972872,DIPUTADO,8,LOS ANGELES,PARTIDO DEMOCRATA CRISTIANO,0,34972872
MARIA CAROLINA RIOS AYCAGUER ,38353283,DIPUTADO,8,LOS ANGELES,UNION DEMOCRATA INDEPENDIENTE,0,38353283
JOSE PEREZ ARRIAGADA,68195737,DIPUTADO,8,LOS ANGELES,PARTIDO RADICAL SOCIALDEMOCRATA,0,65820737
GIGLIOLA CENTONZIO ROSSEL,10952209,DIPUTADO,8,LOS ANGELES,PARTIDO RADICAL SOCIALDEMOCRATA,0,10952209
ALFONSO BELMAR RODRIGUEZ,5605189,DIPUTADO,8,LOS ANGELES,PARTIDO ECOLOGISTA VERDE,0,5605189
RENE NUNEZ AVILA,24537887,DIPUTADO,8,LOS ANGELES,PARTIDO EVOLUCION POLITICA,0,24537887
JULIO LOBOS LOBOS,4131450,DIPUTADO,8,LOS ANGELES,INDEPENDIENTE,0,4131450
ROBERTO POBLETE ZAPATA,73199364,DIPUTADO,8,LOS ANGELES,INDEPENDIENTE,0,73187444
JORGE SABAG VILLALOBOS,56602690,DIPUTADO,8,CABRERO,PARTIDO DEMOCRATA CRISTIANO,0,56567232
LORETO CARVAJAL AMBIADO,47199440,DIPUTADO,8,CABRERO,PARTIDO POR LA DEMOCRACIA,0,47199440
FABIOLA LAGOS LIZAMA,78386479,DIPUTADO,8,ALTO BIOBIO,PARTIDO POR LA DEMOCRACIA,0,78386479
MARIO VENEGAS CARDENAS,41761194,DIPUTADO,9,ANGOL,PARTIDO DEMOCRATA CRISTIANO,0,41761194
ANDREA PARRA SAUTEREL,33822886,DIPUTADO,9,ANGOL,PARTIDO POR LA DEMOCRACIA,0,33822886
ALEJANDRO BLAMEY ALEGRIA,39228597,DIPUTADO,9,ANGOL,INDEPENDIENTE,0,39228597
JORGE RATHGEB SCHIFFERLI,50805746,DIPUTADO,9,TRAIGUEN,RENOVACION NACIONAL,0,50805746
GLORIA NAVEILLAN ARRIAGADA,22981081,DIPUTADO,9,TRAIGUEN,UNION DEMOCRATA INDEPENDIENTE,0,22665618
MARIA SOLEDAD CASTILLO HENRIQUEZ,20613269,DIPUTADO,9,VICTORIA,RENOVACION NACIONAL,0,20613269
GREGORIO DE LA MAZA LARRAIN,25139043,DIPUTADO,9,VICTORIA,UNION DEMOCRATA INDEPENDIENTE,0,25139043
ANDREA SAAVEDRA TEIGUE,15365998,DIPUTADO,9,VICTORIA,PARTIDO SOCIALISTA DE CHILE,0,15094886
EVARISTO CURICAL NANCO,763938,DIPUTADO,9,LONQUIMAY,INDEPENDIENTE,0,763938
RENE MANUEL GARCIA GARCIA,60190939,DIPUTADO,9,TEMUCO,RENOVACION NACIONAL,0,60190939
MIGUEL MELLADO SUAZO,56285975,DIPUTADO,9,TEMUCO,RENOVACION NACIONAL,0,56285975
LAURA SAN CRISTOBAL VASQUEZ,6340000,DIPUTADO,9,TEMUCO,RENOVACION NACIONAL,0,6340000
HILDA HORTA RIVERA,15877164,DIPUTADO,9,TEMUCO,PARTIDO DEMOCRATA CRISTIANO,0,15877164
LUIS CAMPOS LEAL,12997770,DIPUTADO,9,TEMUCO,PARTIDO DEMOCRATA CRISTIANO,0,12997770
ANDRES JOUANNET VALDERRAMA,29739064,DIPUTADO,9,TEMUCO,PARTIDO DEMOCRATA CRISTIANO,0,29739064
KURT HORTA CACERES ,16882166,DIPUTADO,9,TEMUCO,UNION DEMOCRATA INDEPENDIENTE,0,16882166
RICARDO CELIS ARAYA,38468360,DIPUTADO,9,TEMUCO,PARTIDO POR LA DEMOCRACIA,0,38468360
JOSE MONTALVA FEUERHAKE,39325658,DIPUTADO,9,TEMUCO,PARTIDO POR LA DEMOCRACIA,0,39325658
RODRIGO GONZALEZ LOPEZ,14936776,DIPUTADO,9,TEMUCO,PARTIDO SOCIALISTA DE CHILE,0,16626529
XIMENA ONATE AVILA,20978697,DIPUTADO,9,TEMUCO,PARTIDO SOCIALISTA DE CHILE,0,20978697
PAMELA SOLEDAD OVALLE QUIROZ,15403138,DIPUTADO,9,TEMUCO,PARTIDO SOCIALISTA DE CHILE,0,15403138
TAMARA TORRES HUECHUCURA,6609751,DIPUTADO,9,TEMUCO,PARTIDO COMUNISTA DE CHILE,0,6609751
FERNANDO MEZA MONCADA,34955807,DIPUTADO,9,TEMUCO,PARTIDO RADICAL SOCIALDEMOCRATA,0,34955807
MARIO GONZALEZ REBOLLEDO,20036655,DIPUTADO,9,TEMUCO,PARTIDO RADICAL SOCIALDEMOCRATA,0,20036655
ANA GRICELLE ABARCA ABARCA,0,DIPUTADO,9,TEMUCO,PARTIDO HUMANISTA,0,0
JOSE ANCALAO GAVILAN,4211066,DIPUTADO,9,TEMUCO,PARTIDO HUMANISTA,0,4211066
FELIPE VALDEBENITO LEIVA,6551304,DIPUTADO,9,TEMUCO,PARTIDO HUMANISTA,0,6551304
JENNY RIVERA MUNOZ,0,DIPUTADO,9,TEMUCO,PARTIDO HUMANISTA,0,0
NILLS MARY CID CACERES,1608170,DIPUTADO,9,TEMUCO,PARTIDO PROGRESISTA,0,1608170
ANDRES MOLINA MAGOFKE,53887096,DIPUTADO,9,TEMUCO,PARTIDO EVOLUCION POLITICA,0,53887096
SEBASTIAN ALVAREZ RAMIREZ,16751521,DIPUTADO,9,TEMUCO,PARTIDO EVOLUCION POLITICA,0,16751521
CLAUDIA LORENA SUBIABRE MAYORGA,500176,DIPUTADO,9,TEMUCO,AMPLITUD,0,500000
IVAN SIGFRIDO RUBEN CERDA ZUNIGA,13596973,DIPUTADO,9,TEMUCO,AMPLITUD,0,13596973
RENE SAFFIRIO ESPINOZA,59672621,DIPUTADO,9,TEMUCO,INDEPENDIENTE,0,59672621
PATRICIO RIVAS GATICA,5341563,DIPUTADO,9,TEMUCO,INDEPENDIENTE,0,5341563
RICHARD CAIFAL PIUTRIN,685258,DIPUTADO,9,TEMUCO,INDEPENDIENTE,0,650000
EDGARDO HUGO SEPULVEDA HACHIGUR,5011749,DIPUTADO,9,TEMUCO,INDEPENDIENTE,0,5011749
ANDREA MERCADO BETANZO,5749837,DIPUTADO,9,TEMUCO,INDEPENDIENTE,0,5749837
ERIKA MARIA CHAVEZ CONA,1254416,DIPUTADO,9,TEMUCO,INDEPENDIENTE,0,1254416
PAOLA ALEJANDRA SANTIBANEZ RIFFO,0,DIPUTADO,9,TEMUCO,INDEPENDIENTE,0,0
RAYEN INGLES HUECHE,15344356,DIPUTADO,9,LAUTARO,PARTIDO DEMOCRATA CRISTIANO,0,15344356
GUILLERMO JARAMILLO SALAZAR,51486815,DIPUTADO,9,LAUTARO,PARTIDO POR LA DEMOCRACIA,0,51486815
ERNESTO JAVIER LAVANDERO PEREIRA,4829586,DIPUTADO,9,PERQUENCO,INDEPENDIENTE,0,4829586
DIEGO PAULSEN KEHR,51465289,DIPUTADO,9,GALVARINO,RENOVACION NACIONAL,0,51465289
VICTOR REIMER SEGUEL HENRIQUEZ,1202526,DIPUTADO,9,NUEVA IMPERIAL,AMPLITUD,0,1202526
HENRY LEAL BIZAMA,34777986,DIPUTADO,9,CARAHUE,UNION DEMOCRATA INDEPENDIENTE,0,34777986
GUILLERMO ALLENDE GONZALEZ,14977418,DIPUTADO,9,VILLARRICA,PARTIDO PAIS,0,14976985
MARISOL ROZAS VALENZUELA,5034800,DIPUTADO,9,PADRE LAS CASAS,INDEPENDIENTE,0,5034800
PAMELA ALEJANDRA GARCES ZUNIGA,5636086,DIPUTADO,9,PADRE LAS CASAS,INDEPENDIENTE,0,5636086
BERNARDO BERGER FETT,50049412,DIPUTADO,14,VALDIVIA,RENOVACION NACIONAL,0,50019472
JUAN CARLOS TOBAR SALA,10052320,DIPUTADO,14,VALDIVIA,PARTIDO DEMOCRATA CRISTIANO,0,10032320
IVAN FLORES GARCIA,62522663,DIPUTADO,14,VALDIVIA,PARTIDO DEMOCRATA CRISTIANO,0,59375921
MYRTHA CARMEN PERALTA VEGAS,8340957,DIPUTADO,14,VALDIVIA,PARTIDO DEMOCRATA CRISTIANO,0,8340957
CARLA MAILEN SOTO GALLARDO,15986837,DIPUTADO,14,VALDIVIA,PARTIDO POR LA DEMOCRACIA,0,15952387
PATRICIO ROSAS BARRIENTOS,26093288,DIPUTADO,14,VALDIVIA,PARTIDO SOCIALISTA DE CHILE,0,26032830
MARCOS ILABACA CERDA,39143157,DIPUTADO,14,VALDIVIA,PARTIDO SOCIALISTA DE CHILE,0,39143157
ABERNEGO MARDONES RIQUELME,6894402,DIPUTADO,14,VALDIVIA,PARTIDO COMUNISTA DE CHILE,0,6889647
MARIA ANGELICA ALVEAR MONTECINOS,3157780,DIPUTADO,14,VALDIVIA,PARTIDO HUMANISTA,0,3157780
BAYRON MANUEL VELASQUEZ PAREDES,3673987,DIPUTADO,14,VALDIVIA,PARTIDO HUMANISTA,0,3673987
VICENTE JAVIER GOMEZ SAN MARTIN,2438190,DIPUTADO,14,VALDIVIA,PARTIDO ECOLOGISTA VERDE,0,2438190
CARI LEMU ALVAREZ TORRES,3875115,DIPUTADO,14,VALDIVIA,PARTIDO ECOLOGISTA VERDE,0,3875115
SILVIA BERTA GUALA CARRASCO,1192292,DIPUTADO,14,VALDIVIA,PARTIDO PROGRESISTA,0,1192292
PABLO ANDRES MOYA NUNEZ,2807937,DIPUTADO,14,VALDIVIA,PARTIDO PROGRESISTA,0,2807937
EDUARDO EDMUNDO SALAS CERDA,19300010,DIPUTADO,14,VALDIVIA,PARTIDO REGIONALISTA INDEPENDIENTE,0,19290000
VLADIMIR ALBERTO RIESCO BAHAMONDES,4788733,DIPUTADO,14,VALDIVIA,REVOLUCION DEMOCRATICA,0,4788733
CARLA ANDREA AMTMANN FECCI,17110054,DIPUTADO,14,VALDIVIA,REVOLUCION DEMOCRATICA,0,17070001
HERNAN JOSE MANUEL URRUTIA MILLAS,6976274,DIPUTADO,14,VALDIVIA,PARTIDO CIUDADANOS,0,6976274
CLAUDIA BERNARDITA CHAVEZ GONZALEZ,4315364,DIPUTADO,14,VALDIVIA,PARTIDO CIUDADANOS,0,4315364
FRANCISCO JAVIER NUNEZ MARTINEZ,1631940,DIPUTADO,14,VALDIVIA,PARTIDO CIUDADANOS,0,1631940
PATRICIA MARTINEZ TORRES,7566569,DIPUTADO,14,VALDIVIA,INDEPENDIENTE,0,7566569
PAULA GUROVICH MIRET,176822,DIPUTADO,14,VALDIVIA,INDEPENDIENTE,0,176822
MARCELA ALEJANDRA GARRIDO ISLA,1399631,DIPUTADO,14,VALDIVIA,INDEPENDIENTE,0,1399631
ANN HUNTER GUTIERREZ,36033671,DIPUTADO,14,VALDIVIA,INDEPENDIENTE,0,36033671
MARLYN MAGDALENA LEUPIN FERNANDEZ,7117172,DIPUTADO,14,VALDIVIA,INDEPENDIENTE,0,7117172
LUIS GUILLERMO SCHWAIGER RIVERA,963104,DIPUTADO,14,VALDIVIA,INDEPENDIENTE,0,963104
GASTON VON MUHLENBROCK ZAMORA,61661655,DIPUTADO,14,FUTRONO,UNION DEMOCRATA INDEPENDIENTE,0,61661655
JAVIERA PAZ ARIAS GUTIERREZ,4217250,DIPUTADO,14,PANGUIPULLI,PARTIDO CIUDADANOS,0,4220714
OSCAR SANDRINO LEIVA GONZALEZ,5155000,DIPUTADO,14,PANGUIPULLI,INDEPENDIENTE,0,5155000
ENRIQUE JARAMILLO ASTUDILLO ,36104249,DIPUTADO,14,LA UNION,PARTIDO POR LA DEMOCRACIA,0,36104249
ALVARO VARGAS SALAS,22528505,DIPUTADO,14,PAILLACO,RENOVACION NACIONAL,0,22528407
SERGIO OJEDA URIBE,33685518,DIPUTADO,10,OSORNO,PARTIDO DEMOCRATA CRISTIANO,0,33685518
MARIANELA HUENCHOR HUENCHOR,15991343,DIPUTADO,10,OSORNO,PARTIDO DEMOCRATA CRISTIANO,0,15991343
KARLA BENAVIDES HENRIQUEZ,27147032,DIPUTADO,10,OSORNO,PARTIDO DEMOCRATA CRISTIANO,0,27147032
MIGUEL ARREDONDO ORELLANA,27453050,DIPUTADO,10,OSORNO,PARTIDO DEMOCRATA CRISTIANO,0,27453050
JAVIER HERNANDEZ HERNANDEZ,50674111,DIPUTADO,10,OSORNO,UNION DEMOCRATA INDEPENDIENTE,0,50674111
MARGARITA CECILIA PEREZ VALDES,9931135,DIPUTADO,10,OSORNO,PARTIDO COMUNISTA DE CHILE,0,9931135
ALICIA NOEMI MARIN SOTOMAYOR,816583,DIPUTADO,10,OSORNO,PARTIDO PROGRESISTA,0,816583
RODRIGO TOLEDO DEL RIO,982480,DIPUTADO,10,OSORNO,DEMOCRACIA REGIONAL PATAGONICA,0,982480
MARIA ORIANA PEREZ BAEZ,0,DIPUTADO,10,OSORNO,PARTIDO CIUDADANOS,0,0
RODRIGO ANDRES MORENO ORELLANA,8350339,DIPUTADO,10,OSORNO,PARTIDO CIUDADANOS,0,8314881
GUSTAVO SALVO PEREIRA,37939701,DIPUTADO,10,OSORNO,INDEPENDIENTE,0,37939701
SONIA ELIZABETH SILVA TORRES,916583,DIPUTADO,10,OSORNO,INDEPENDIENTE,0,916583
CLAUDE ROUTHIER CARTES,1567788,DIPUTADO,10,OSORNO,INDEPENDIENTE,0,1502330
LUIS ABARCA AZOCAR,8571821,DIPUTADO,10,OSORNO,INDEPENDIENTE,0,8571821
JORGE RENE TEJEDA ROA,16949613,DIPUTADO,10,OSORNO,INDEPENDIENTE,0,16949613
ANGELICA MARIA HENRIQUEZ FERNANDEZ,431243,DIPUTADO,10,OSORNO,INDEPENDIENTE,0,431243
ALEJANDRA DANIELA ARCOS ROSAS,244347,DIPUTADO,10,OSORNO,INDEPENDIENTE,0,244347
CAROLINA LETICIA DUPUY GUARDA,3932029,DIPUTADO,10,OSORNO,INDEPENDIENTE,0,3932029
JOSE MANUEL SANTANA ABURTO,1372879,DIPUTADO,10,OSORNO,INDEPENDIENTE,0,1372879
EMILIA NUYADO ANCAPICHUN,32262722,DIPUTADO,10,SAN PABLO,PARTIDO SOCIALISTA DE CHILE,0,32262718
HARRY JURGENSEN RUNDSHAGEN,87050971,DIPUTADO,10,RIO NEGRO,RENOVACION NACIONAL,0,87050971
JOSE SEGURA DIAZ,25138559,DIPUTADO,10,PUERTO MONTT,RENOVACION NACIONAL,0,25138559
CARLOS IGNACIO KUSCHEL SILVA,31786906,DIPUTADO,10,PUERTO MONTT,RENOVACION NACIONAL,0,31786906
CLAUDIO MARTINEZ LABRA ,58667527,DIPUTADO,10,PUERTO MONTT,PARTIDO DEMOCRATA CRISTIANO,0,58667527
MARISOL TURRES FIGUEROA,35532594,DIPUTADO,10,PUERTO MONTT,UNION DEMOCRATA INDEPENDIENTE,0,35532594
FRANCISCO MUNOZ LE-BRETON,15115187,DIPUTADO,10,PUERTO MONTT,UNION DEMOCRATA INDEPENDIENTE,0,14910986
GLORIA PATRICIA GONZALEZ SAEZ,15575334,DIPUTADO,10,PUERTO MONTT,PARTIDO POR LA DEMOCRACIA,0,15575334
RAMON ESPINOZA SANDOVAL,44260608,DIPUTADO,10,PUERTO MONTT,PARTIDO SOCIALISTA DE CHILE,0,44260496
CATALINA ANDREA VELASQUEZ FLORES,3490000,DIPUTADO,10,PUERTO MONTT,PARTIDO COMUNISTA DE CHILE,0,3490000
CARLOS EDUARDO CONTRERAS OYARZUN,34582977,DIPUTADO,10,PUERTO MONTT,PARTIDO RADICAL SOCIALDEMOCRATA,0,34475733
SANDRA PAOLA VEGA OYARZO,6936734,DIPUTADO,10,PUERTO MONTT,PARTIDO ECOLOGISTA VERDE,0,6936734
RAUL OLIVA CAMADRO,33018176,DIPUTADO,10,PUERTO MONTT,PARTIDO PROGRESISTA,0,33018176
MARIA GLADIS OYARZO ZUNIGA,2035458,DIPUTADO,10,PUERTO MONTT,PARTIDO PROGRESISTA,0,2000000
RUTH ELIZABETH SEEMANN BARRIA,1294519,DIPUTADO,10,PUERTO MONTT,PARTIDO PROGRESISTA,0,1294519
GONZALO MIGUEL VALENZUELA OYARZO,2904147,DIPUTADO,10,PUERTO MONTT,PARTIDO PROGRESISTA,0,2904147
ZANDRA PARISI FERNANDEZ,18066947,DIPUTADO,10,PUERTO MONTT,DEMOCRACIA REGIONAL PATAGONICA,0,18073286
HECTOR LEONARDO AGUILERA MAYORGA,7744260,DIPUTADO,10,PUERTO MONTT,DEMOCRACIA REGIONAL PATAGONICA,0,7744260
MARIA PATRICIA PASCUALES GUTIERREZ,1743818,DIPUTADO,10,PUERTO MONTT,DEMOCRACIA REGIONAL PATAGONICA,0,1743818
JOSE ROBERTO ABURTO BARRIA,8631016,DIPUTADO,10,PUERTO MONTT,DEMOCRACIA REGIONAL PATAGONICA,0,8631016
RICARDO CACERES OLAVE,5881630,DIPUTADO,10,PUERTO MONTT,PODER,0,5881630
ALEJANDRO JAVIER BERNALES MALDONADO,20820000,DIPUTADO,10,PUERTO MONTT,PARTIDO LIBERAL DE CHILE,0,20820000
FELIPE VERGARA MALDONADO,9568462,DIPUTADO,10,PUERTO MONTT,PARTIDO CIUDADANOS,0,9568462
CAROLINA ALEJANDRA PINO COLLADO,2414469,DIPUTADO,10,PUERTO MONTT,PARTIDO CIUDADANOS,0,2414469
NELSON GUZMAN CACERES,349458,DIPUTADO,10,PUERTO MONTT,TODOS,0,349458
FRANCISCO BUCAT OVIEDO,2856001,DIPUTADO,10,PUERTO MONTT,INDEPENDIENTE,0,2856001
MARVA VARGAS ALVARADO,900735,DIPUTADO,10,PUERTO MONTT,INDEPENDIENTE,0,900735
ANA MARIA CALISTO RAMIREZ,200000,DIPUTADO,10,PUERTO MONTT,INDEPENDIENTE,0,200000
EDUARDO ANTONIO OCAMPO CASTILLO,22746630,DIPUTADO,10,PUERTO MONTT,INDEPENDIENTE,0,19645130
ANDREA ROSMANICH ROJAS,49449866,DIPUTADO,10,PUERTO VARAS,RENOVACION NACIONAL,0,49449866
AMANDA MILOSEVICH PEPPER,11531632,DIPUTADO,10,PUERTO VARAS,PARTIDO EVOLUCION POLITICA,0,11531632
PAMELA BEATRIZ LEAL GATICA,10813700,DIPUTADO,10,PUERTO VARAS,PODER,0,10813700
SUSAN ANGELICA PONCE JARA,0,DIPUTADO,10,PUERTO VARAS,PODER,0,0
SORAYA SAID TEUBER,24003332,DIPUTADO,10,PUERTO VARAS,INDEPENDIENTE,0,24003332
CATALINA ANDREA YOVANE GARCIA,5063142,DIPUTADO,10,FRUTILLAR,INDEPENDIENTE,0,5063142
MARIA IGNACIA BUONO-CORE BARROILHET,0,DIPUTADO,10,FRUTILLAR,INDEPENDIENTE,0,0
FIDEL ESPINOZA SANDOVAL,70306987,DIPUTADO,10,LLANQUIHUE,PARTIDO SOCIALISTA DE CHILE,0,68450254
ERIKA ANDREA GUAIQUIN GUAIQUIN,300000,DIPUTADO,10,CALBUCO,INDEPENDIENTE,0,300000
ALEJANDRO SANTANA TIRACHINI,72324262,DIPUTADO,10,CASTRO,RENOVACION NACIONAL,0,72324262
GABRIEL ASCENCIO MANSILLA,46496404,DIPUTADO,10,CASTRO,PARTIDO DEMOCRATA CRISTIANO,0,46496404
CLAUDIO PATRICIO OYARZUN CARCAMO,15997858,DIPUTADO,10,CASTRO,PARTIDO POR LA DEMOCRACIA,0,15997858
IVONNE LECAROS SANDOVAL,7677309,DIPUTADO,10,CASTRO,INDEPENDIENTE,0,7444637
JENNY ALVAREZ VERA,88326326,DIPUTADO,10,CHONCHI,PARTIDO SOCIALISTA DE CHILE,0,88326326
OSCAR PATRICIO MACIAS MACIAS,538723,DIPUTADO,10,CHONCHI,PARTIDO PROGRESISTA,0,538723
PAULA ANDREA MILLACURA TORRES,4938637,DIPUTADO,10,QUELLON,PARTIDO PROGRESISTA,0,4938637
KASSANDRA TABATTA MUNOZ AVILA,0,DIPUTADO,10,QUELLON,DEMOCRACIA REGIONAL PATAGONICA,0,0
ALEXIS MARCELO BARRIA MALDONADO,6742025,DIPUTADO,10,ANCUD,PARTIDO CIUDADANOS,0,6564067
ORIETA GONZALEZ MATURANA,7761354,DIPUTADO,10,QUEMCHI,UNION DEMOCRATA INDEPENDIENTE,0,7761354
MARISOL MARTINEZ SANCHEZ,14846060,DIPUTADO,11,AISEN,PARTIDO SOCIALISTA DE CHILE,0,14826060
MARISOL LUSDEMIA PINILLA VEJAR,2002979,DIPUTADO,11,AISEN,PARTIDO CIUDADANOS,0,2002979
CARMEN GLORIA MARTINEZ CARDENAS,21343098,DIPUTADO,11,CHILE CHICO,PARTIDO DEMOCRATA CRISTIANO,0,21343098
LISETTE BOSSHARD PENA ,6255257,DIPUTADO,11,O HIGGINS,FEDERACION REGIONALISTA VERDE SOCIAL,0,6255257
ARACELY ANDREA LEUQUEN URIBE,18520319,DIPUTADO,11,COYHAIQUE,RENOVACION NACIONAL,0,18520319
RENE ANSELMO LEGUE CARDENAS,8210757,DIPUTADO,11,COYHAIQUE,PARTIDO DEMOCRATA CRISTIANO,0,8210757
MIGUEL ANGEL CALISTO AGUILA,27385326,DIPUTADO,11,COYHAIQUE,PARTIDO DEMOCRATA CRISTIANO,0,27385326
NESTOR JAVIER MERA MUNOZ,19437515,DIPUTADO,11,COYHAIQUE,UNION DEMOCRATA INDEPENDIENTE,0,19437515
JORGE CALDERON NUNEZ,21641033,DIPUTADO,11,COYHAIQUE,PARTIDO RADICAL SOCIALDEMOCRATA,0,21641033
GEOCONDA NAVARRETE ARRATIA,20064226,DIPUTADO,11,COYHAIQUE,PARTIDO EVOLUCION POLITICA,0,20064226
PATRICIO HENRIQUEZ BARRIENTOS,4355491,DIPUTADO,11,COYHAIQUE,PARTIDO REGIONALISTA INDEPENDIENTE,0,4355491
PEDRO ANTONIO VERGARA ROJAS,5414581,DIPUTADO,11,COYHAIQUE,DEMOCRACIA REGIONAL PATAGONICA,0,5400000
ELSON BORQUEZ YANEZ,3291869,DIPUTADO,11,COYHAIQUE,DEMOCRACIA REGIONAL PATAGONICA,0,3291869
TAMARA ANDREA ESPINOZA GUTIERREZ,0,DIPUTADO,11,COYHAIQUE,DEMOCRACIA REGIONAL PATAGONICA,0,0
VICTOR MANUEL BORQUEZ FINCKE,8219078,DIPUTADO,11,COYHAIQUE,PARTIDO CIUDADANOS,0,8739000
ROXANA PEY TUMANOFF,19983320,DIPUTADO,11,COYHAIQUE,INDEPENDIENTE,0,19983320
SARA MARTINEZ MONDELO,3120134,DIPUTADO,11,COYHAIQUE,INDEPENDIENTE,0,3120134
RENE ALINCO BUSTOS,12063723,DIPUTADO,11,COYHAIQUE,INDEPENDIENTE,0,12063723
EDUARDO ROMO LAFOY,6861856,DIPUTADO,11,COYHAIQUE,INDEPENDIENTE,0,6861856
CECILIO AGUILAR GALINDO,3959592,DIPUTADO,11,COYHAIQUE,INDEPENDIENTE,0,3959592
JESSICA ANDREA TORRES BORQUEZ,430458,DIPUTADO,11,COYHAIQUE,INDEPENDIENTE,0,430458
RICARDO NICOLAS COGLER GALINDO,10552118,DIPUTADO,12,NATALES,RENOVACION NACIONAL,0,10552118
CARLOS ENRIQUE MANDRIAZA MUNOZ,1682208,DIPUTADO,12,NATALES,PARTIDO DEMOCRATA CRISTIANO,0,2320000
KARIM BIANCHI RETAMALES,19821531,DIPUTADO,12,NATALES,INDEPENDIENTE,0,19821531
CAROLINA SALDIVIA SALAZAR,1132844,DIPUTADO,12,NATALES,INDEPENDIENTE,0,1132844
JUAN ENRIQUE MORANO CORNEJO,29463826,DIPUTADO,12,PUNTA ARENAS,PARTIDO DEMOCRATA CRISTIANO,0,29463826
EUGENIA MANCILLA MACIAS,22130778,DIPUTADO,12,PUNTA ARENAS,PARTIDO DEMOCRATA CRISTIANO,0,22130778
DOMINGO RUBILAR RUIZ,22936840,DIPUTADO,12,PUNTA ARENAS,PARTIDO POR LA DEMOCRACIA,0,22936840
FRANCISCO ENRIQUE ALARCON NAVARRO,7840042,DIPUTADO,12,PUNTA ARENAS,PARTIDO COMUNISTA DE CHILE,0,7840024
JUAN JOSE CLAUDIO ARCOS SRDANOVIC,5068804,DIPUTADO,12,PUNTA ARENAS,PARTIDO REGIONALISTA INDEPENDIENTE,0,5068804
VLADIMIRO SERGIO MIMICA CARCAMO,22527692,DIPUTADO,12,PUNTA ARENAS,INDEPENDIENTE,0,22527692
MARLA GLADYS VARGAS OJEDA,295458,DIPUTADO,12,PUNTA ARENAS,INDEPENDIENTE,0,295458
SANDRA AMAR MANCILLA,40944020,DIPUTADO,12,PUNTA ARENAS,INDEPENDIENTE,0,40944020
DENISSE GUERRA MARTINEZ,726458,DIPUTADO,12,PUNTA ARENAS,INDEPENDIENTE,0,726458
MARIO ENRIQUE ESQUIVEL LIZONDO,1878270,DIPUTADO,12,PUNTA ARENAS,INDEPENDIENTE,0,1878270
JUAN MANUEL MANCILLA CARDENAS,2108664,DIPUTADO,12,PUNTA ARENAS,INDEPENDIENTE,0,2108664
GABRIEL BORIC FONT,41283342,DIPUTADO,12,PUNTA ARENAS,INDEPENDIENTE,0,41283342
PEDRO GARCIA ASPILLAGA,46092640,DIPUTADO,13,SANTIAGO,PARTIDO DEMOCRATA CRISTIANO,0,46092640
JORGE ALESSANDRI VERGARA,200794341,DIPUTADO,13,SANTIAGO,UNION DEMOCRATA INDEPENDIENTE,0,200794341
JAVIERA OLIVARES MARDONES,36054198,DIPUTADO,13,SANTIAGO,PARTIDO COMUNISTA DE CHILE,0,36054098
CHRISTIAN PULGAR TOLEDO,1228480,DIPUTADO,13,SANTIAGO,PARTIDO HUMANISTA,0,1228480
CRISTOBAL MARDONES DIAZ,3516318,DIPUTADO,13,SANTIAGO,PARTIDO HUMANISTA,0,3516318
FRANCISCO FIGUEROA CERDA,20960162,DIPUTADO,13,SANTIAGO,PARTIDO ECOLOGISTA VERDE,0,20960162
WILLEM SCHUITEMAKER TRUFFELLO,6605660,DIPUTADO,13,SANTIAGO,PARTIDO ECOLOGISTA VERDE,0,6605660
ANDREA DEL CARMEN DUARTE VIDAL,2684056,DIPUTADO,13,SANTIAGO,PARTIDO PROGRESISTA,0,2684056
RAUL ALBERTO VILLAVICENCIO MARABOLI,3548305,DIPUTADO,13,SANTIAGO,PARTIDO PROGRESISTA,0,3548305
LUCIANO CRUZ-COKE CARVALLO,93612777,DIPUTADO,13,SANTIAGO,PARTIDO EVOLUCION POLITICA,0,93612777
ZAIDA FALCES SALAZAR,3274202,DIPUTADO,13,SANTIAGO,UNION PATRIOTICA,0,3274202
MARIO ENRIQUE FAJARDO PEREZ,1960118,DIPUTADO,13,SANTIAGO,UNION PATRIOTICA,0,1959579
FABIAN VASQUEZ SILVA,1732117,DIPUTADO,13,SANTIAGO,UNION PATRIOTICA,0,1732117
KATHERINE ROJAS PENAILILLO,3329683,DIPUTADO,13,SANTIAGO,UNION PATRIOTICA,0,3329683
VALERIA SOTO CARRASCO,3808620,DIPUTADO,13,SANTIAGO,UNION PATRIOTICA,0,3808620
CHRISTIAN JORQUERA TAPIA,1624925,DIPUTADO,13,SANTIAGO,UNION PATRIOTICA,0,1624925
NINOZKA SANCHEZ CARO,1725924,DIPUTADO,13,SANTIAGO,UNION PATRIOTICA,0,1725924
GONZALO WINTER ETCHEBERRY,35725681,DIPUTADO,13,SANTIAGO,REVOLUCION DEMOCRATICA,0,35725681
JULIAN ALCAYAGA OLIVARES ,2262450,DIPUTADO,13,SANTIAGO,INDEPENDIENTE,0,2262450
PEPE AUTH STEWART,72186758,DIPUTADO,13,SANTIAGO,INDEPENDIENTE,0,72186758
CECILIA AGUAYO IPINZA,7254265,DIPUTADO,13,SANTIAGO,INDEPENDIENTE,0,7254265
VICTOR OSORIO REYES,33866874,DIPUTADO,13,SANTIAGO,INDEPENDIENTE,0,33866874
PABLO ALEXIS PADILLA RUBIO,2373751,DIPUTADO,13,SANTIAGO,INDEPENDIENTE,0,2373751
LUIS LARRAIN STIEB,77825218,DIPUTADO,13,SANTIAGO,INDEPENDIENTE,0,77825218
LISSETTE IVETTE GODOY ANTIQUEO,0,DIPUTADO,13,SANTIAGO,INDEPENDIENTE,0,0
JORGE ALBERTO ARROYO SALGADO,1403214,DIPUTADO,13,SANTIAGO,INDEPENDIENTE,0,1403214
CAROLINA MORA SAA,35324070,DIPUTADO,13,PROVIDENCIA,PARTIDO DEMOCRATA CRISTIANO,0,35324070
NICOLAS MUNOZ MONTES,54025448,DIPUTADO,13,PROVIDENCIA,PARTIDO DEMOCRATA CRISTIANO,0,54025448
CAROLINA JESUS LAVIN ALIAGA,20606325,DIPUTADO,13,PROVIDENCIA,UNION DEMOCRATA INDEPENDIENTE,0,20606325
MARIA TERESA LAVIN ALIAGA,22209091,DIPUTADO,13,PROVIDENCIA,UNION DEMOCRATA INDEPENDIENTE,0,22209091
GONZALO NAVARRETE MUNOZ,70068488,DIPUTADO,13,PROVIDENCIA,PARTIDO POR LA DEMOCRACIA,0,70068488
FRANCISCO FLORES RIQUELME,39938000,DIPUTADO,13,PROVIDENCIA,PARTIDO SOCIALISTA DE CHILE,0,39938000
FERNANDO ATRIA LEMAITRE,64316148,DIPUTADO,13,PROVIDENCIA,PARTIDO SOCIALISTA DE CHILE,0,64316148
CARMEN ADELAIDA HERTZ CADIZ,33644387,DIPUTADO,13,PROVIDENCIA,PARTIDO COMUNISTA DE CHILE,0,33644387
AMARO JESUS LABRA SEPULVEDA,26962733,DIPUTADO,13,PROVIDENCIA,PARTIDO COMUNISTA DE CHILE,0,27022733
CAROLA ANDREA SOLIS ARAYA,51669959,DIPUTADO,13,PROVIDENCIA,PARTIDO RADICAL SOCIALDEMOCRATA,0,51669959
PAMELA JILES MORENO,85060400,DIPUTADO,13,PROVIDENCIA,PARTIDO HUMANISTA,0,85060400
ANDREA XIMENA CONDEMARIN FUENTES,8857665,DIPUTADO,13,PROVIDENCIA,PARTIDO PROGRESISTA,0,8857665
CAMILO LAGOS MIRANDA,23587141,DIPUTADO,13,PROVIDENCIA,PARTIDO PROGRESISTA,0,23587141
SEBASTIAN LAFAURIE RIVERA,9396000,DIPUTADO,13,PROVIDENCIA,PARTIDO REGIONALISTA INDEPENDIENTE,0,9396000
SERGIO GOMEZ CELEDON,1592417,DIPUTADO,13,PROVIDENCIA,UNION PATRIOTICA,0,1592417
 SOLEDAD ALAMOS FUENZALIDA,34512135,DIPUTADO,13,PROVIDENCIA,REVOLUCION DEMOCRATICA,0,34512135
MAITE ORSINI PASCAL,42902596,DIPUTADO,13,PROVIDENCIA,REVOLUCION DEMOCRATICA,0,42902596
ALEJANDRO ZISIS DRINBERG,9152844,DIPUTADO,13,PROVIDENCIA,INDEPENDIENTE,0,23505386
PATRICIA COCAS GONZALEZ,15899866,DIPUTADO,13,PROVIDENCIA,INDEPENDIENTE,0,15899866
VALESKA NARANJO DAWSON,26266832,DIPUTADO,13,PROVIDENCIA,INDEPENDIENTE,0,26266832
JULIO ISAMIT DIAZ,139626433,DIPUTADO,13,PROVIDENCIA,INDEPENDIENTE,0,139626433
MARCELA SABAT FERNANDEZ,95014092,DIPUTADO,13,NUNOA,RENOVACION NACIONAL,0,94909877
GEORGINA MARIA VILLABLANCA MARTINEZ,9206991,DIPUTADO,13,NUNOA,PARTIDO DEMOCRATA CRISTIANO,0,9206990
ANA MARIA HERNANDEZ SAN MARTIN,16052948,DIPUTADO,13,NUNOA,PARTIDO DEMOCRATA CRISTIANO,0,16052948
TITO JAIME MONJE PINCHEIRA,14254640,DIPUTADO,13,NUNOA,PARTIDO DEMOCRATA CRISTIANO,0,14254640
EVA JIMENEZ URIZAR,23418831,DIPUTADO,13,NUNOA,PARTIDO DEMOCRATA CRISTIANO,0,23418831
CRISTHIAN MOREIRA BARROS,35014803,DIPUTADO,13,NUNOA,UNION DEMOCRATA INDEPENDIENTE,0,35014803
RENE JOFRE DELGADO,42455154,DIPUTADO,13,NUNOA,PARTIDO POR LA DEMOCRACIA,0,42455154
VERONICA PAULINA PINILLA MARTINEZ,59127919,DIPUTADO,13,NUNOA,PARTIDO POR LA DEMOCRACIA,0,59127919
VIVIENNE BACHELET NORELLI,16046889,DIPUTADO,13,NUNOA,PARTIDO SOCIALISTA DE CHILE,0,16046889
MAYA FERNANDEZ ALLENDE,138775658,DIPUTADO,13,NUNOA,PARTIDO SOCIALISTA DE CHILE,0,138775658
MARIA JOSE BECERRA MORO,43208742,DIPUTADO,13,NUNOA,PARTIDO SOCIALISTA DE CHILE,0,43208742
DANIEL MELO CONTRERAS,83810452,DIPUTADO,13,NUNOA,PARTIDO SOCIALISTA DE CHILE,0,83810452
FRANCYS FOIX FUENTEALBA,19818247,DIPUTADO,13,NUNOA,PARTIDO SOCIALISTA DE CHILE,0,19818247
JULIA URQUIETA OLIVARES ,29774388,DIPUTADO,13,NUNOA,PARTIDO COMUNISTA DE CHILE,0,29774388
ROSARIO ANDREA OLIVARES SAAVEDRA,7957230,DIPUTADO,13,NUNOA,PARTIDO ECOLOGISTA VERDE,0,7957230
MARCELA SANDOVAL OSORIO,28170422,DIPUTADO,13,NUNOA,REVOLUCION DEMOCRATICA,0,28166932
NATALIA VALENTINA CASTILLO MUNOZ,45580749,DIPUTADO,13,NUNOA,REVOLUCION DEMOCRATICA,0,45580749
MIGUEL CRISPI SERRANO,83860341,DIPUTADO,13,NUNOA,REVOLUCION DEMOCRATICA,0,83860341
LUIS MARIANO RENDON ESCOBAR,10748644,DIPUTADO,13,NUNOA,INDEPENDIENTE,0,10748644
ALBERTO MAYOL MIRANDA,32589028,DIPUTADO,13,NUNOA,INDEPENDIENTE,0,32589028
CAROLINA DE LA PAZ HINOJOSA CANALES,80000,DIPUTADO,13,NUNOA,INDEPENDIENTE,0,80000
ROSA OYARCE SUAZO,26556925,DIPUTADO,13,SAN MIGUEL,RENOVACION NACIONAL,0,26556925
EDUARDO DURAN SALINAS,64750617,DIPUTADO,13,SAN MIGUEL,RENOVACION NACIONAL,0,64750617
MACARENA DONOSO ROJAS,40579217,DIPUTADO,13,SAN MIGUEL,RENOVACION NACIONAL,0,40579217
RODOLFO SEGUEL MOLINA,31382232,DIPUTADO,13,SAN MIGUEL,PARTIDO DEMOCRATA CRISTIANO,0,31382242
CLAUDIO ARRIAGADA MACAYA,16146899,DIPUTADO,13,SAN MIGUEL,PARTIDO DEMOCRATA CRISTIANO,0,17060000
TAMARA MORA MORA,6996000,DIPUTADO,13,SAN MIGUEL,PARTIDO DEMOCRATA CRISTIANO,0,6996000
GUILLERMO TEILLIER DEL VALLE,93179560,DIPUTADO,13,SAN MIGUEL,PARTIDO COMUNISTA DE CHILE,0,93179560
JAVIERA PAZ REYES JARA,14052281,DIPUTADO,13,SAN MIGUEL,PARTIDO COMUNISTA DE CHILE,0,14052281
RODOLFO JAVIER CHELME BUSTOS,3130050,DIPUTADO,13,SAN MIGUEL,PARTIDO PROGRESISTA,0,3130050
CLARA RIOS LUEIZA,2307617,DIPUTADO,13,SAN MIGUEL,UNION PATRIOTICA,0,2307617
GUILLERMO ARAVENA MONDACA,2050000,DIPUTADO,13,SAN MIGUEL,UNION PATRIOTICA,0,2050000
CRISTIAN BAEZA FIGUEROA,1894572,DIPUTADO,13,SAN MIGUEL,UNION PATRIOTICA,0,1894572
CESAR ALEJANDRO SOLIS SANCHEZ,13609463,DIPUTADO,13,SAN MIGUEL,REVOLUCION DEMOCRATICA,0,13311963
KATHERINE MARTORELL AWAD,33538800,DIPUTADO,13,QUINTA NORMAL,RENOVACION NACIONAL,0,33538800
MARCELA CANALES HIPP,10251400,DIPUTADO,13,QUINTA NORMAL,PARTIDO DEMOCRATA CRISTIANO,0,10251400
KARINA DELFINO MUSSA,66554023,DIPUTADO,13,QUINTA NORMAL,PARTIDO SOCIALISTA DE CHILE,0,66554023
PABLO FRANCISCO GONZALEZ VERA,2174214,DIPUTADO,13,QUINTA NORMAL,INDEPENDIENTE,0,2174214
VALESKA OYARCE PENA,2010000,DIPUTADO,13,QUINTA NORMAL,INDEPENDIENTE,0,2010000
OLGA GONZALEZ DEL RIEGO GARCIA,28118794,DIPUTADO,13,LAS CONDES,RENOVACION NACIONAL,0,28118794
GONZALO FUENZALIDA FIGUEROA,116023751,DIPUTADO,13,LAS CONDES,RENOVACION NACIONAL,0,116012807
KARIN LUCK URBAN,35748009,DIPUTADO,13,LAS CONDES,RENOVACION NACIONAL,0,35748009
PAULINA PINEIRO UGARTE,20039512,DIPUTADO,13,LAS CONDES,PARTIDO DEMOCRATA CRISTIANO,0,20039512
CRISTOBAL ACEVEDO FERRER,68492187,DIPUTADO,13,LAS CONDES,PARTIDO DEMOCRATA CRISTIANO,0,68492187
GUILLERMO RAMIREZ DIEZ,114730118,DIPUTADO,13,LAS CONDES,UNION DEMOCRATA INDEPENDIENTE,0,114730118
JUAN CRISTOBAL LETURIA INFANTE,36231560,DIPUTADO,13,LAS CONDES,UNION DEMOCRATA INDEPENDIENTE,0,36676109
ALVARO PILLADO IRRIBARRA,46920516,DIPUTADO,13,LAS CONDES,UNION DEMOCRATA INDEPENDIENTE,0,46910808
ENRIQUE LUIS ACCORSI OPAZO,22008627,DIPUTADO,13,LAS CONDES,PARTIDO POR LA DEMOCRACIA,0,22008627
RAMON FARIAS PONCE,61555085,DIPUTADO,13,LAS CONDES,PARTIDO POR LA DEMOCRACIA,0,61555085
TOMAS HIRSCH GOLDSCHMIDT,77126767,DIPUTADO,13,LAS CONDES,PARTIDO HUMANISTA,0,77126767
VERONICA GARRIDO BELLO,8401780,DIPUTADO,13,LAS CONDES,PARTIDO EVOLUCION POLITICA,0,8401780
FRANCISCO UNDURRAGA GAZITUA,127298068,DIPUTADO,13,LAS CONDES,PARTIDO EVOLUCION POLITICA,0,127298068
CLAUDIO CANEPA BLUMENBERG,1696579,DIPUTADO,13,LAS CONDES,REVOLUCION DEMOCRATICA,0,1696579
RENATO GARIN GONZALEZ,19291946,DIPUTADO,13,LAS CONDES,REVOLUCION DEMOCRATICA,0,19291946
PABLO GALDAMES DIAZ,9585568,DIPUTADO,13,LAS CONDES,INDEPENDIENTE,0,9560000
MANUELA ALEJANDRA VELOSO DORNER,14459573,DIPUTADO,13,LAS CONDES,INDEPENDIENTE,0,14741365
JOAQUIN LAVIN LEON,111634593,DIPUTADO,13,MAIPU,UNION DEMOCRATA INDEPENDIENTE,0,111634593
ELIANA MELENDEZ MOLINA,1000000,DIPUTADO,13,MAIPU,PARTIDO PROGRESISTA,0,1000000
LILIAN DEL CARMEN QUILAQUEO SOZA,1200000,DIPUTADO,13,MAIPU,PARTIDO PROGRESISTA,0,1200000
CRISTIAN MARCELO DIAZ MUNOZ,3909100,DIPUTADO,13,MAIPU,PARTIDO PROGRESISTA,0,3909100
DAVID BLANCO URZUA,2840527,DIPUTADO,13,MAIPU,PARTIDO PROGRESISTA,0,2840527
CLAUDIA NATHALIE MIX JIMENEZ,43983217,DIPUTADO,13,MAIPU,PODER,0,43983217
VALDEMAR SANHUEZA YEVENES,3320154,DIPUTADO,13,MAIPU,UNION PATRIOTICA,0,3320154
SILVIO RIVERA DURAN,2781119,DIPUTADO,13,MAIPU,UNION PATRIOTICA,0,2781119
PAOLA MARCELLI ASTUDILLO,3515091,DIPUTADO,13,MAIPU,UNION PATRIOTICA,0,3515091
MAURICIO ALVAREZ SEPULVEDA,2955156,DIPUTADO,13,MAIPU,UNION PATRIOTICA,0,2955156
DENNY FLORES BUSTOS,2275217,DIPUTADO,13,MAIPU,UNION PATRIOTICA,0,2275217
JUAN HERNANDEZ MARTINEZ,2046129,DIPUTADO,13,MAIPU,UNION PATRIOTICA,0,2046129
VICTOR ITURRIETA RIOS,2147196,DIPUTADO,13,MAIPU,UNION PATRIOTICA,0,2147196
LUCIA RIVERA HAUENSTEIN,1934455,DIPUTADO,13,MAIPU,UNION PATRIOTICA,0,1934455
MACARENA PARRA PARRA,3382083,DIPUTADO,13,MAIPU,UNION PATRIOTICA,0,3382083
MARIA EUGENIA PARRA TORO,622500,DIPUTADO,13,MAIPU,UNION PATRIOTICA,0,622500
GREMIDIA ESTELA SAGARDIA ARIAS,4292804,DIPUTADO,13,MAIPU,INDEPENDIENTE,0,4292804
MARIA TERESA ALVAREZ AGUILAR,14001600,DIPUTADO,13,MAIPU,INDEPENDIENTE,0,14001600
RICARDO ANGEL CAMARGO BRITO,19179643,DIPUTADO,13,MAIPU,INDEPENDIENTE,0,19178273
MARCELA GEOVANNA CONCHA VILLANUEVA,33508864,DIPUTADO,13,MAIPU,INDEPENDIENTE,0,33508864
ROBERTO JULIO MARTINEZ MALDONADO,1779880,DIPUTADO,13,MAIPU,INDEPENDIENTE,0,1779880
ALEJANDRA MONASTERIO RIVAS,15243595,DIPUTADO,13,MAIPU,INDEPENDIENTE,0,15243595
EVELYN DIANA GOMEZ HIDALGO,5000000,DIPUTADO,13,MAIPU,INDEPENDIENTE,0,5000000
LUIS ACEVEDO QUINTANILLA ,11891591,DIPUTADO,13,LA CISTERNA,PARTIDO DEMOCRATA CRISTIANO,0,11891591
TUCAPEL JIMENEZ FUENTES,33981706,DIPUTADO,13,LA CISTERNA,PARTIDO POR LA DEMOCRACIA,0,33981706
TAMARA MOYA MOYANO,6826060,DIPUTADO,13,LA CISTERNA,PARTIDO SOCIALISTA DE CHILE,0,6826060
IRMA EDITH PEREZ LLANQUIN,17800782,DIPUTADO,13,LA CISTERNA,PARTIDO ECOLOGISTA VERDE,0,17800782
HUMBERTO SANHUEZA BARRIGA,14393314,DIPUTADO,13,PUDAHUEL,PARTIDO DEMOCRATA CRISTIANO,0,14393314
PATRICIO MELERO ABAROA,92275408,DIPUTADO,13,PUDAHUEL,UNION DEMOCRATA INDEPENDIENTE,0,92275408
GABRIELA CARRASCO TOBAR,72093260,DIPUTADO,13,PUDAHUEL,PARTIDO SOCIALISTA DE CHILE,0,72093260
BERTA MONTECINOS DURAN,9339100,DIPUTADO,13,PUDAHUEL,PARTIDO PROGRESISTA,0,9339100
HUGO CIPRIANO NORAMBUENA RODRIGUEZ,2738104,DIPUTADO,13,PUDAHUEL,PARTIDO PROGRESISTA,0,2738104
ALEXANDER ARANGUIZ MEZA,2997600,DIPUTADO,13,PUDAHUEL,PARTIDO PROGRESISTA,0,2997600
BORIS ANTHONY BARRERA MORENO,24231122,DIPUTADO,13,RENCA,PARTIDO COMUNISTA DE CHILE,0,24231122
JORGE EDUARDO ROSALES VARGAS,8575669,DIPUTADO,13,RENCA,PARTIDO ECOLOGISTA VERDE,0,8575211
KIMBERLY GREDY SEGUEL VILLAGRAN,9132015,DIPUTADO,13,RENCA,PODER,0,9132015
MIRIAM BAZAEZ GUERRA,25267500,DIPUTADO,13,QUILICURA,PARTIDO POR LA DEMOCRACIA,0,25267500
PAZ SUAREZ BRIONES,4504000,DIPUTADO,13,QUILICURA,PARTIDO POR LA DEMOCRACIA,0,4504000
JOVINESSA MUJICA MARTINEZ,0,DIPUTADO,13,QUILICURA,PARTIDO HUMANISTA,0,0
RICARDO IVAN MALDONADO OLIVARES,12837500,DIPUTADO,13,QUILICURA,PARTIDO HUMANISTA,0,12837500
ANA MARIA MOLINA VILLARREAL,3578638,DIPUTADO,13,QUILICURA,UNION PATRIOTICA,0,3578638
MICHAEL GABRIEL GUERRA MUNOZ,1585678,DIPUTADO,13,QUILICURA,INDEPENDIENTE,0,1585678
LIZET DE LOS ANGELES BRIONES PEREZ,5266677,DIPUTADO,13,QUILICURA,INDEPENDIENTE,0,5266677
CRISTIAN BOWEN GARFIAS,66815087,DIPUTADO,13,CONCHALI,PARTIDO DEMOCRATA CRISTIANO,0,66815087
ALAN FANCELLI ESMAR,1974800,DIPUTADO,13,CONCHALI,PARTIDO PROGRESISTA,0,1974800
DIEGO WLADIMIR VILLAS MONTECINOS,6279150,DIPUTADO,13,CONCHALI,PARTIDO IGUALDAD,0,6279150
ERICK MARCO ANTONIO CONOMAN GARAY,18221252,DIPUTADO,13,CONCHALI,PODER,0,18221252
KARLA JANA VALENZUELA,5585458,DIPUTADO,13,LA FLORIDA,UNION DEMOCRATA INDEPENDIENTE,0,5585458
CAMILA VALLEJO DOWLING,84295127,DIPUTADO,13,LA FLORIDA,PARTIDO COMUNISTA DE CHILE,0,83515699
VALENTINA OLIVARES GRAY,10784246,DIPUTADO,13,LA FLORIDA,PARTIDO HUMANISTA,0,9967050
GLADYS LORENA PALMA VALLEJOS,6122274,DIPUTADO,13,LA FLORIDA,PARTIDO PROGRESISTA,0,6122274
CLAUDIO ENRIQUE HERRERA SAN MARTIN,0,DIPUTADO,13,LA FLORIDA,PARTIDO PROGRESISTA,0,0
SUSANA HERNANDEZ COLLAO,8482666,DIPUTADO,13,LA FLORIDA,PARTIDO IGUALDAD,0,8482666
CARLA ANDREA BOSSELIN ZUNIGA,1630900,DIPUTADO,13,LA FLORIDA,PARTIDO IGUALDAD,0,1630900
KARINA OLIVA PEREZ,25234109,DIPUTADO,13,LA FLORIDA,PODER,0,25234109
EDUARDO GUTIERREZ GONZALEZ,3641325,DIPUTADO,13,LA FLORIDA,UNION PATRIOTICA,0,3641325
GLORIA ANGELICA GALLARDO VOSS,2619601,DIPUTADO,13,LA FLORIDA,UNION PATRIOTICA,0,2619601
PATRICIO ALTAMIRANO ARANCIBIA,1840074,DIPUTADO,13,LA FLORIDA,UNION PATRIOTICA,0,1840074
VALERIA BEATRIZ FANNY ARANCIBIA LUCO,187425,DIPUTADO,13,LA FLORIDA,PARTIDO CIUDADANOS,0,187425
MARCIA SOTO DIAZ,138104,DIPUTADO,13,LA FLORIDA,INDEPENDIENTE,0,138104
ALVARO CARTER FERNANDEZ,54582678,DIPUTADO,13,LA FLORIDA,INDEPENDIENTE,0,54582678
LILIAN TAMARA UNDA ESCALONA,895491,DIPUTADO,13,LA FLORIDA,INDEPENDIENTE,0,895491
ANDREA STELLA SALAZAR NAVIA,15599035,DIPUTADO,13,LA FLORIDA,INDEPENDIENTE,0,15599035
PABLINA MELLA DIAZ,1300000,DIPUTADO,13,LA FLORIDA,INDEPENDIENTE,0,1300000
MICHELLE ZUNINO PALACIOS,15138137,DIPUTADO,13,LA FLORIDA,INDEPENDIENTE,0,15138137
CLAUDIA LANGE FARIAS,21747474,DIPUTADO,13,LA GRANJA,UNION DEMOCRATA INDEPENDIENTE,0,21747474
ANGELICA CORNEJO ZUNIGA,2494961,DIPUTADO,13,LA GRANJA,UNION PATRIOTICA,0,2494961
CARLA GONZALEZ MORALES,1873840,DIPUTADO,13,LA GRANJA,UNION PATRIOTICA,0,1873840
PATRICIA ELENA VALENZUELA SANDOVAL,138104,DIPUTADO,13,LA GRANJA,INDEPENDIENTE,0,138104
JUAN CARLOS SANTIBANEZ NORAMBUENA,647050,DIPUTADO,13,LA GRANJA,INDEPENDIENTE,0,647050
CECILIA GONZALEZ HANSEN,6684640,DIPUTADO,13,LA REINA,PARTIDO DEMOCRATA CRISTIANO,0,6684640
CATALINA VALENZUELA MAUREIRA,0,DIPUTADO,13,LA REINA,PARTIDO HUMANISTA,0,0
NICOLAS MENARE MORALES,2878406,DIPUTADO,13,LA REINA,PARTIDO PROGRESISTA,0,2878406
FERNANDO ENCINA WAISSBLUTH,2010000,DIPUTADO,13,LA REINA,INDEPENDIENTE,0,2010000
JOSE ANTONIO HENRIQUEZ MUNIZ,4404793,DIPUTADO,13,MACUL,PARTIDO PROGRESISTA,0,4404793
LUISA PARRA CASTRO,2334435,DIPUTADO,13,MACUL,UNION PATRIOTICA,0,2334435
PABLO PRADO PULIDO,1969432,DIPUTADO,13,MACUL,UNION PATRIOTICA,0,1969432
DANIEL ARTURO ALEJANDRO MUNOZ ZUNIGA,2291427,DIPUTADO,13,MACUL,UNION PATRIOTICA,0,2291427
MARIBEL MARTINEZ LOPEZ,2200000,DIPUTADO,13,MACUL,INDEPENDIENTE,0,2200000
DAUNO TOTORO NAVARRO,10815979,DIPUTADO,13,MACUL,INDEPENDIENTE,0,10759609
PERLA SEGUEL TORRES,12397934,DIPUTADO,13,PENALOLEN,RENOVACION NACIONAL,0,12397934
JULIO MADRID FUENTES,30189098,DIPUTADO,13,PENALOLEN,PARTIDO DEMOCRATA CRISTIANO,0,30189098
BARBARA SOTO SILVA,49371878,DIPUTADO,13,PENALOLEN,UNION DEMOCRATA INDEPENDIENTE,0,49371878
NATALIA GARRIDO TORO,10971550,DIPUTADO,13,PENALOLEN,PARTIDO IGUALDAD,0,10971550
MIGUEL ANGEL RENDON ESCOBAR,1581735,DIPUTADO,13,PENALOLEN,INDEPENDIENTE,0,1581735
MARCELA YANEZ BRAVO,1379450,DIPUTADO,13,PENALOLEN,INDEPENDIENTE,0,1379450
ANDRES SANTANDER ORTEGA ,99476941,DIPUTADO,13,SAN RAMON,PARTIDO SOCIALISTA DE CHILE,0,99476941
GASPAR ORTIZ CARDENAS,2912267,DIPUTADO,13,SAN RAMON,UNION PATRIOTICA,0,2912267
IVAN FUENTES CASTILLO,27394781,DIPUTADO,13,LA PINTANA,PARTIDO DEMOCRATA CRISTIANO,0,27394781
JOSE ANSELMO HIDALGO ZAMORA,6297750,DIPUTADO,13,LA PINTANA,INDEPENDIENTE,0,6297750
MELISSA VARAS MONTERO,3522652,DIPUTADO,13,LO PRADO,PARTIDO POR LA DEMOCRACIA,0,3522652
CATALINA VIDAL MENDEZ,5068253,DIPUTADO,13,LO PRADO,PARTIDO HUMANISTA,0,5068253
JORGE DURAN ESPINOZA,40466528,DIPUTADO,13,CERRO NAVIA,RENOVACION NACIONAL,0,40465070
RODRIGO ALBORNOZ POLLMANN,45058044,DIPUTADO,13,CERRO NAVIA,PARTIDO DEMOCRATA CRISTIANO,0,45058044
CRISTINA GIRARDI LAVIN,63774926,DIPUTADO,13,CERRO NAVIA,PARTIDO POR LA DEMOCRACIA,0,63774926
SANDRA URIBE FLORES,1000000,DIPUTADO,13,CERRO NAVIA,INDEPENDIENTE,0,1000000
EDDY ROLDAN CABRERA,32952716,DIPUTADO,13,CERRO NAVIA,INDEPENDIENTE,0,32952716
CECILIA VALDES LEON,27860841,DIPUTADO,13,ESTACION CENTRAL,PARTIDO DEMOCRATA CRISTIANO,0,27860841
LORENA PIZARRO SIERRA,74893737,DIPUTADO,13,ESTACION CENTRAL,PARTIDO COMUNISTA DE CHILE,0,74893737
MANUEL ENRIQUE MUNOZ PALACIOS,2372460,DIPUTADO,13,ESTACION CENTRAL,PARTIDO PROGRESISTA,0,2372460
MAURICIO SANTANDER VIDELA,1025368,DIPUTADO,13,ESTACION CENTRAL,PARTIDO PROGRESISTA,0,1025368
PABLO VIDAL ROJAS,59177796,DIPUTADO,13,ESTACION CENTRAL,REVOLUCION DEMOCRATICA,0,59177796
DORIS DAYANNA GONZALEZ LEMUNAO,13306000,DIPUTADO,13,ESTACION CENTRAL,INDEPENDIENTE,0,13306000
MIJAIL BONITO LOVIO,34381883,DIPUTADO,13,HUECHURABA,PARTIDO EVOLUCION POLITICA,0,34384375
GUIDO ENRIQUE GONZALEZ VALENZUELA,3285724,DIPUTADO,13,HUECHURABA,UNION PATRIOTICA,0,3285724
JAIME FUENTEALBA MALDONADO,20595501,DIPUTADO,13,RECOLETA,PARTIDO SOCIALISTA DE CHILE,0,20595501
KAROL CARIOLA OLIVA,107239004,DIPUTADO,13,RECOLETA,PARTIDO COMUNISTA DE CHILE,0,107239004
ALEJANDRA NAVARRETE CARRASCO,4292804,DIPUTADO,13,RECOLETA,PARTIDO PROGRESISTA,0,4292804
ANA MARIA ARIAS AGURTO,2653510,DIPUTADO,13,RECOLETA,UNION PATRIOTICA,0,2653510
GIORGIO JACKSON DRAGO,115760995,DIPUTADO,13,RECOLETA,REVOLUCION DEMOCRATICA,0,115760995
ERIKA OLIVERA DE LA FUENTE,73566273,DIPUTADO,13,RECOLETA,INDEPENDIENTE,0,73566273
SEBASTIAN TORREALBA ALVARADO,50664567,DIPUTADO,13,VITACURA,RENOVACION NACIONAL,0,50486894
NELSON HADAD HERESY,44850063,DIPUTADO,13,VITACURA,PARTIDO DEMOCRATA CRISTIANO,0,44850063
PAULA ZUNIGA CALDERON,70934453,DIPUTADO,13,VITACURA,PARTIDO DEMOCRATA CRISTIANO,0,70934453
PABLO TERRAZAS LAGOS,146163706,DIPUTADO,13,VITACURA,UNION DEMOCRATA INDEPENDIENTE,0,146128247
ISABEL MARGARITA LABBE MARTINEZ,4420683,DIPUTADO,13,VITACURA,UNION DEMOCRATA INDEPENDIENTE,0,4420683
LORETO SEGUEL KING,80566747,DIPUTADO,13,VITACURA,INDEPENDIENTE,0,80566747
MAURICIO JAVIER ABU-GHOSH PARHAM,17064390,DIPUTADO,13,VITACURA,INDEPENDIENTE,0,17064390
XIMENA OSSANDON IRARRAZABAL,72085216,DIPUTADO,13,LO BARNECHEA,RENOVACION NACIONAL,0,72085216
CATALINA DEL REAL MIHOVILOVIC,107445138,DIPUTADO,13,LO BARNECHEA,RENOVACION NACIONAL,0,107445138
RAUL FLORCITA ALARCON ROJAS,7183778,DIPUTADO,13,LO BARNECHEA,PARTIDO HUMANISTA,0,7183778
CAMILA IANISZEWSKI CONTRERAS,9173072,DIPUTADO,13,LO BARNECHEA,PARTIDO IGUALDAD,0,9173072
JORGE ARAVENA EGANA,2319243,DIPUTADO,13,SAN JOAQUIN,UNION PATRIOTICA,0,2319243
ALEJANDRO ARAVENA EGANA,3745699,DIPUTADO,13,SAN JOAQUIN,UNION PATRIOTICA,0,3745699
CAMILA BRUNA FAUNDES,28179340,DIPUTADO,13,LO ESPEJO,PARTIDO POR LA DEMOCRACIA,0,28179340
GABRIEL ESTEBAN BRAVO MUNOZ,6962206,DIPUTADO,13,LO ESPEJO,PARTIDO IGUALDAD,0,6959034
CARLOS ASTUDILLO LOPEZ,7680458,DIPUTADO,13,LO ESPEJO,PARTIDO IGUALDAD,0,7550000
PATRICIO ALFONSO JIMENEZ GONZALEZ,3150000,DIPUTADO,13,LO ESPEJO,INDEPENDIENTE,0,3150000
LORETO LETELIER BARRERA,9641193,DIPUTADO,13,EL BOSQUE,UNION DEMOCRATA INDEPENDIENTE,0,9641193
GAEL FERNANDA YEOMANS ARAYA,23715014,DIPUTADO,13,EL BOSQUE,REVOLUCION DEMOCRATICA,0,23715014
JUAN MANUEL CASAS QUINTRIQUEO,1311000,DIPUTADO,13,EL BOSQUE,INDEPENDIENTE,0,1311000
OSCAR FELIPE VARGAS COLOMA,2386224,DIPUTADO,13,EL BOSQUE,INDEPENDIENTE,0,2386224
MAURICIO ALEJANDRO CARRASCO NUNEZ,15601280,DIPUTADO,13,EL BOSQUE,INDEPENDIENTE,0,15601280
MARIA JOSE LEIVA JOPIA,8317209,DIPUTADO,13,CERRILLOS,PARTIDO ECOLOGISTA VERDE,0,8317209
CLAUDIA NOGUEIRA FERNANDEZ,73317365,DIPUTADO,13,INDEPENDENCIA,UNION DEMOCRATA INDEPENDIENTE,0,73317365
ALEJANDRA SAA CARRASCO,14513000,DIPUTADO,13,INDEPENDENCIA,PARTIDO POR LA DEMOCRACIA,0,14513000
PILAR DURAN BARONTI,51717479,DIPUTADO,13,INDEPENDENCIA,PARTIDO SOCIALISTA DE CHILE,0,51717479
MARIO DESBORDES JIMENEZ,95866384,DIPUTADO,13,COLINA,RENOVACION NACIONAL,0,95866384
ANDREA OJEDA MIRANDA ,100667098,DIPUTADO,13,COLINA,RENOVACION NACIONAL,0,100667098
GABRIEL SILBER ROMO,98828740,DIPUTADO,13,COLINA,PARTIDO DEMOCRATA CRISTIANO,0,98828740
PIA MARGARIT BAHAMONDE,54895966,DIPUTADO,13,COLINA,UNION DEMOCRATA INDEPENDIENTE,0,54895966
DAVID HENRIQUEZ ESPINOZA,17615470,DIPUTADO,13,COLINA,PARTIDO PROGRESISTA,0,17615470
ALEJANDRA BRAVO HIDALGO,34183413,DIPUTADO,13,COLINA,PARTIDO REGIONALISTA INDEPENDIENTE,0,34183413
SEBASTIAN KEITEL BIANCHI,62967897,DIPUTADO,13,COLINA,INDEPENDIENTE,0,62967897
LEOPOLDO PEREZ LAHSEN,71510731,DIPUTADO,13,PUENTE ALTO,RENOVACION NACIONAL,0,71528731
NICOLE VANESSA VALDEBENITO TORRES,18847137,DIPUTADO,13,PUENTE ALTO,PARTIDO DEMOCRATA CRISTIANO,0,18847137
OSVALDO ANDRADE LARA,42584760,DIPUTADO,13,PUENTE ALTO,PARTIDO SOCIALISTA DE CHILE,0,42584760
LORENA PATRICIA BUSTAMANTE MEDINA,12853729,DIPUTADO,13,PUENTE ALTO,PARTIDO RADICAL SOCIALDEMOCRATA,0,12853729
ANA INES MARDONES CONTRERAS,750000,DIPUTADO,13,PUENTE ALTO,PARTIDO PROGRESISTA,0,750000
VICTOR HUGO ORTIZ AVENDANO,1779100,DIPUTADO,13,PUENTE ALTO,PARTIDO PROGRESISTA,0,1779100
ROBERTO OVALLE MOLINA,3652243,DIPUTADO,13,PUENTE ALTO,UNION PATRIOTICA,0,3652243
JAIME ESCUDERO RAMOS,40309062,DIPUTADO,13,PIRQUE,PARTIDO POR LA DEMOCRACIA,0,40309062
ANTONIO HORVATH GUTIERREZ,27829531,DIPUTADO,13,SAN BERNARDO,RENOVACION NACIONAL,0,27829533
ANGELICA PINO SAN MARTIN ,23916239,DIPUTADO,13,SAN BERNARDO,RENOVACION NACIONAL,0,23890981
LEONARDO SOTO FERRADA,68044491,DIPUTADO,13,SAN BERNARDO,PARTIDO SOCIALISTA DE CHILE,0,68044491
MARCIA GONZALEZ NAVARRO ,40595568,DIPUTADO,13,SAN BERNARDO,PARTIDO RADICAL SOCIALDEMOCRATA,0,40595568
JUAN DOMINGO VILLAVICENCIO PASTEN,85680,DIPUTADO,13,SAN BERNARDO,PARTIDO HUMANISTA,0,85680
MARISELA SANTIBANEZ NOVOA,55996996,DIPUTADO,13,SAN BERNARDO,PARTIDO PROGRESISTA,0,55996996
 JOHANNA DUARTE NARVAEZ,600000,DIPUTADO,13,SAN BERNARDO,PARTIDO PROGRESISTA,0,600000
SUSANA SANCHEZ GONGORA,2886804,DIPUTADO,13,SAN BERNARDO,PARTIDO PROGRESISTA,0,2886804
JUANA SILVA MUNOZ,5987367,DIPUTADO,13,SAN BERNARDO,INDEPENDIENTE,0,5987367
ALENA GUTIERREZ MORENO,11053373,DIPUTADO,13,SAN BERNARDO,INDEPENDIENTE,0,11053373
ALEJANDRA NOVOA SANDOVAL,52020832,DIPUTADO,13,CALERA DE TANGO,RENOVACION NACIONAL,0,52020832
MARCIA MILLAQUEO IBARRA,2221404,DIPUTADO,13,CALERA DE TANGO,INDEPENDIENTE,0,2221404
DIEGO EDUARDO CALDERON GAJARDO,26451329,DIPUTADO,13,BUIN,PARTIDO DEMOCRATA CRISTIANO,0,26451329
JAIME BELLOLIO AVARIA,118802494,DIPUTADO,13,BUIN,UNION DEMOCRATA INDEPENDIENTE,0,118802494
ANGEL BOZAN RAMOS,31888245,DIPUTADO,13,BUIN,PARTIDO POR LA DEMOCRACIA,0,31888245
PATRICIO ANTONIO NEIRA PEZOA,2646053,DIPUTADO,13,BUIN,PARTIDO ECOLOGISTA VERDE,0,2646053
VICTOR RICARDO CERDA MORALES,7622120,DIPUTADO,13,BUIN,PARTIDO ECOLOGISTA VERDE,0,7622120
RAUL LEIVA CARVAJAL,102478865,DIPUTADO,13,TALAGANTE,PARTIDO SOCIALISTA DE CHILE,0,102478865
CARLOS ALBERTO NAVARRO GALLINATO,9668482,DIPUTADO,13,TALAGANTE,PARTIDO IGUALDAD,0,9668482
DAVID MORALES NORDETTI,30802788,DIPUTADO,13,ISLA DE MAIPO,PARTIDO DEMOCRATA CRISTIANO,0,30802788
JUAN ANTONIO COLOMA ALAMOS,85511263,DIPUTADO,13,EL MONTE,UNION DEMOCRATA INDEPENDIENTE,0,85090174
JOSE LUIS STARK AGUILERA,1156695,DIPUTADO,13,EL MONTE,PARTIDO PROGRESISTA,0,1156695
FRANCISCO VALDES REYES,15941020,DIPUTADO,13,EL MONTE,PARTIDO IGUALDAD,0,15941020
ALEJANDRO IGNACIO IRARRAZABAL SALDIAS,7478023,DIPUTADO,13,PENAFLOR,PARTIDO IGUALDAD,0,7478023
ESTEBAN CACERES OLAVE,1535600,DIPUTADO,13,PENAFLOR,UNION PATRIOTICA,0,1535600
MARCELO VERA PAVEZ,1088504,DIPUTADO,13,PENAFLOR,INDEPENDIENTE,0,1088504
MARIO GEBAUER BRINGAS,62420837,DIPUTADO,13,MELIPILLA,PARTIDO POR LA DEMOCRACIA,0,62420837
DAVID ALEXIS SALDANA VERGARA,184400,DIPUTADO,13,MELIPILLA,PARTIDO PROGRESISTA,0,184400
CLAUDIO PATRICIO DANIEL MONTERO ARRATIA,221404,DIPUTADO,13,MELIPILLA,INDEPENDIENTE,0,221404
YOVANNA FUENTES PINO,18468060,DIPUTADO,13,CURACAVI,INDEPENDIENTE,0,18006506
